{"stat.walkOneCm":5096,"stat.useItem.minecraft.torch":2,"achievement.openInventory":14,"stat.pickup.minecraft.cookie":1,"stat.leaveGame":2,"stat.damageTaken":250,"stat.mineBlock.minecraft.torch":2,"ftbl.stat.first_joined":{"value":0,"progress":1590179542617},"ftbl.stat.last_seen":{"value":0,"progress":1590180106444},"stat.flyOneCm":2869,"stat.deaths":1,"stat.jump":24,"stat.playOneMinute":5547,"stat.fallOneCm":963,"stat.pickup.minecraft.torch":2,"stat.sneakTime":38,"stat.crouchOneCm":84,"stat.timeSinceDeath":1445,"stat.sprintOneCm":2704,"stat.pickup.integrateddynamics.on_the_dynamics_of_integration":1,"achievement.exploreAllBiomes":{"value":0,"progress":["Forest"]}}