{"stat.chestOpened":3,"stat.craftItem.minecraft.diamond_chestplate":1,"stat.walkOneCm":16790,"stat.useItem.minecraft.torch":2,"achievement.openInventory":7,"stat.craftItem.minecraft.diamond_leggings":1,"stat.damageTaken":440,"stat.furnaceInteraction":2,"stat.mineBlock.minecraft.torch":1,"ftbl.stat.first_joined":{"value":0,"progress":1590853514804},"ftbl.stat.last_seen":{"value":0,"progress":1590855924497},"stat.craftItem.minecraft.diamond_helmet":1,"stat.flyOneCm":40777,"stat.deaths":2,"stat.craftItem.minecraft.diamond_boots":1,"stat.jump":148,"stat.playOneMinute":56444,"stat.fallOneCm":1939,"stat.useItem.tconstruct.edible":1,"stat.pickup.minecraft.torch":1,"stat.sneakTime":240,"stat.crouchOneCm":842,"stat.craftItem.minecraft.diamond":50,"stat.timeSinceDeath":0,"stat.craftItem.minecraft.baked_potato":64,"stat.sprintOneCm":28506,"stat.entityKilledBy.headcrumbs.Human":1,"stat.pickup.integrateddynamics.on_the_dynamics_of_integration":1,"achievement.exploreAllBiomes":{"value":0,"progress":["ForestHills","Forest"]}}