{"stat.chestOpened":6,"stat.walkOneCm":31054,"achievement.openInventory":29,"stat.itemEnchanted":12,"stat.leaveGame":1,"stat.damageTaken":42,"stat.drop.actuallyadditions.itemSwordEmerald":1,"stat.mobKills":1,"stat.pickup.minecraft.book":12,"stat.mineBlock.minecraft.bookshelf":4,"stat.pickup.minecraft.dye":21,"stat.pickup.harvestcraft.donutItem":1,"stat.pickup.minecraft.iron_leggings":2,"stat.flyOneCm":20065,"stat.drop":1,"stat.jump":107,"stat.swimOneCm":100,"stat.playOneMinute":17758,"stat.pickup.minecraft.iron_helmet":2,"stat.useItem.minecraft.experience_bottle":512,"stat.fallOneCm":1240,"stat.sneakTime":1309,"stat.damageDealt":78,"stat.crouchOneCm":3151,"stat.useItem.minecraft.baked_potato":2,"stat.timeSinceDeath":17758,"stat.pickup.minecraft.experience_bottle":512,"stat.sprintOneCm":9719,"stat.pickup.minecraft.iron_chestplate":2,"achievement.exploreAllBiomes":{"value":0,"progress":["ForestHills","Forest"]},"stat.pickup.minecraft.iron_boots":2,"stat.pickup.actuallyadditions.itemSwordEmerald":2}