{"stat.chestOpened":45,"stat.craftItem.mysticalagriculture.tier2_crafting_seed":1,"stat.useItem.exnihiloadscensio.itemMaterial":28,"stat.pickup.exnihiloadscensio.blockBarrel0":1,"achievement.actuallyadditions.openBooklet":1,"stat.craftItem.immersiveengineering.metalDecoration2":3,"stat.pickup.immersiveengineering.material":2,"stat.craftItem.exnihiloadscensio.hammerStone":18,"stat.useItem.minecraft.stone":17,"stat.pickup.minecraft.gravel":902,"stat.mineBlock.exnihiloadscensio.blockInfestedLeaves":184,"stat.leaveGame":2,"stat.craftItem.mysticalagriculture.infusion_crystal":1,"stat.useItem.extrautils2.compressedcobblestone":97,"stat.mineBlock.minecraft.cobblestone":1,"stat.craftItem.immersiveengineering.metalDevice1":4,"stat.pickup.minecraft.stone_pickaxe":1,"stat.pickup.minecraft.flint":2,"stat.useItem.minecraft.apple":12,"stat.pickup.extrautils2.compressedcobblestone":1,"stat.pickup.tconstruct.edible":1,"stat.craftItem.minecraft.flint":3,"stat.craftItem.actuallyadditions.itemCrafterOnAStick":1,"stat.craftItem.excompressum.compressed_hammer_stone":2,"stat.useItem.snad.snad":1,"stat.useItem.minecraft.clay":19,"stat.pickup.exnihiloadscensio.itemPebble":20,"stat.pickup.exnihiloadscensio.itemOreNickel":35,"stat.craftItem.extrautils2.compressedcobblestone":96,"stat.pickup.tconstruct.lumberaxe":1,"stat.mineBlock.extrautils2.compressedcobblestone":101,"stat.pickup.immersiveengineering.metalDevice1":1,"achievement.actuallyadditions.openBookletMilestone":{"value":0,"progress":["1"]},"stat.jump":651,"stat.swimOneCm":223,"stat.pickup.minecraft.coal":95,"stat.fallOneCm":4286,"stat.pickup.minecraft.iron_ingot":59,"stat.useItem.immersiveengineering.metalDevice1":5,"stat.craftItem.mysticalagriculture.intermedium_essence":21,"stat.pickup.minecraft.carrot":7,"achievement.buildWorkBench":1,"stat.crouchOneCm":1929,"stat.pickup.minecraft.glass":21,"stat.pickup.exnihiloadscensio.itemOreAluminium":31,"stat.craftItem.exnihiloadscensio.itemOreGold":3,"stat.craftItem.minecraft.iron_ingot":9,"stat.pickup.minecraft.dirt":14,"stat.useItem.minecraft.dirt":4,"achievement.exploreAllBiomes":{"value":0,"progress":["ForestHills","Forest"]},"stat.pickup.immersiveengineering.treatedWood":3,"stat.useItem.minecraft.water_bucket":7,"stat.pickup.immersiveengineering.stoneDecoration":1,"stat.pickup.mysticalagriculture.prosperity_shard":11,"stat.pickup.minecraft.sand":337,"stat.useItem.immersiveengineering.stoneDecoration":27,"stat.useItem.minecraft.sapling":12,"stat.useItem.tconstruct.lumberaxe":38,"stat.mineBlock.exnihiloadscensio.blockBarrel0":1,"stat.pickup.minecraft.leaves":141,"stat.pickup.exnihiloadscensio.hammerStone":9,"stat.damageTaken":20,"stat.craftItem.exnihiloadscensio.crookWood":5,"stat.mineBlock.minecraft.torch":4,"stat.pickup.exnihiloadscensio.itemMaterial":36,"stat.useItem.minecraft.reeds":3,"stat.pickup.mysticalagriculture.infusion_crystal":3,"stat.useItem.excompressum.compressed_crook":246,"stat.pickup.minecraft.cobblestone":47,"stat.pickup.minecraft.dye":49,"stat.craftItem.minecraft.glowstone":1,"stat.mineBlock.minecraft.clay":19,"stat.pickup.minecraft.reeds":5,"stat.flyOneCm":126789,"stat.useItem.exnihiloadscensio.blockBarrel0":5,"stat.pickup.exnihiloadscensio.itemOreIron":112,"stat.craftItem.mysticalagriculture.tier1_crafting_seed":1,"stat.pickup.minecraft.wheat_seeds":1,"stat.pickup.mysticalagriculture.base_crafting_seed":1,"stat.mineBlock.minecraft.gravel":3,"stat.useItem.extrautils2.compressedgravel":37,"stat.craftItem.exnihiloadscensio.blockBarrel0":4,"stat.craftItem.extrautils2.compressedsand":30,"stat.useItem.minecraft.stone_pickaxe":20,"stat.craftItem.minecraft.wooden_slab":12,"stat.craftItem.extrautils2.grocket":4,"stat.useItem.harvestcraft.donutItem":1,"stat.craftItem.extrautils2.compresseddirt":1,"stat.pickup.extrautils2.compressedgravel":1,"stat.damageDealt":60,"stat.craftItem.minecraft.glass":2,"stat.pickup.actuallyadditions.itemBooklet":1,"stat.craftItem.extrautils2.pipe":16,"stat.pickup.snad.snad":1,"stat.timeSinceDeath":166161,"stat.hopperInspected":1,"stat.mineBlock.minecraft.dirt":4,"stat.pickup.integrateddynamics.on_the_dynamics_of_integration":2,"stat.mineBlock.excompressum.heavy_sieve":6,"stat.pickup.mysticalagriculture.tier2_crafting_seed":1,"stat.pickup.excompressum.heavy_sieve":6,"stat.craftItem.minecraft.stone_slab":30,"stat.craftItem.mysticalagriculture.base_crafting_seed":1,"stat.useItem.excompressum.heavy_sieve":15,"stat.killEntity.Bat":1,"stat.pickup.exnihiloadscensio.itemSeedPotato":1,"stat.walkOneCm":324104,"stat.craftItem.immersiveengineering.stoneDecoration":27,"stat.craftItem.mysticalagriculture.superium_essence":4,"stat.useItem.minecraft.torch":3,"stat.craftItem.minecraft.glass_pane":16,"stat.pickup.minecraft.stick":49,"stat.pickup.exnihiloadscensio.itemOreGold":63,"stat.useItem.moreshears.stoneShears":128,"stat.useItem.extrautils2.grocket":2,"stat.pickup.minecraft.crafting_table":1,"stat.pickup.minecraft.clay_ball":76,"stat.useItem.minecraft.cobblestone":1,"stat.craftItem.extrautils2.compressedgravel":106,"stat.furnaceInteraction":48,"stat.drop.immersiveengineering.stoneDecoration":1,"stat.craftItem.minecraft.crafting_table":1,"stat.useItem.minecraft.gravel":3,"stat.pickup.moreshears.stoneShears":5,"stat.craftItem.exnihiloadscensio.itemOreIron":3,"ftbl.stat.last_seen":{"value":0,"progress":1590095995397},"stat.mineBlock.chisel.stonebrick":17,"stat.craftItem.exnihiloadscensio.itemMesh":10,"stat.pickup.minecraft.string":321,"stat.pickup.minecraft.log":110,"stat.pickup.mysticalagriculture.inferium_essence":130,"stat.craftItem.excompressum.compressed_crook":1,"stat.useItem.extrautils2.pipe":13,"stat.craftItem.mysticalagriculture.tier3_crafting_seed":1,"stat.pickup.exnihiloadscensio.itemOreSilver":27,"stat.pickup.chisel.stonebrick":17,"stat.craftItem.minecraft.gold_ingot":1,"stat.pickup.exnihiloadscensio.itemOreLead":35,"achievement.mineWood":50,"stat.craftItem.chisel.chisel_iron":1,"stat.pickup.bigreactors.dustmetals":16,"stat.craftItem.excompressum.heavy_sieve":9,"stat.pickup.minecraft.sapling":59,"stat.breakItem.excompressum.compressed_hammer_stone":1,"stat.craftItem.mysticalagriculture.prudentium_essence":89,"stat.sprintOneCm":182044,"stat.pickup.exnihiloadscensio.itemOreCopper":47,"stat.pickup.minecraft.apple":13,"stat.pickup.immersiveengineering.tool":2,"stat.pickup.mysticalagriculture.tier1_inferium_seeds":60,"stat.craftItem.minecraft.stick":92,"stat.pickup.immersiveengineering.metalDecoration2":4,"stat.craftItem.enderio.blockTank":1,"stat.craftItem.minecraft.bucket":1,"achievement.openInventory":386,"stat.craftItem.minecraft.planks":100,"stat.craftItem.minecraft.stone":17,"achievement.environmentaltech.open_guide":2,"stat.pickup.exnihiloadscensio.itemSeedOak":1,"stat.mineBlock.immersiveengineering.metalDevice1":1,"stat.mineBlock.snad.snad":1,"stat.craftItem.moarsigns.moar_sign":3,"stat.useItem.minecraft.carrot":7,"stat.useItem.excompressum.compressed_hammer_stone":154,"stat.pickup.exnihiloadscensio.blockDust":81,"stat.useItem.enderio.blockTank":1,"stat.craftItem.immersiveengineering.material":3,"stat.mobKills":1,"ftbl.stat.first_joined":{"value":0,"progress":1590086847003},"stat.mineBlock.minecraft.log":54,"stat.pickup.stevescarts.CartModule":1,"stat.pickup.minecraft.water_bucket":1,"stat.useItem.extrautils2.compressedsand":9,"stat.pickup.minecraft.diamond":5,"stat.drop":1,"stat.mineBlock.minecraft.leaves":319,"stat.playOneMinute":166161,"stat.pickup.minecraft.torch":5,"stat.sneakTime":1425,"stat.mineBlock.extrautils2.compressedsand":9,"stat.breakItem.moreshears.stoneShears":1,"stat.mineBlock.extrautils2.compressedgravel":37,"stat.craftItem.immersiveengineering.metal":4,"stat.pickup.minecraft.iron_bars":12,"stat.craftItem.minecraft.brick":36,"stat.pickup.extrautils2.pipe":2,"stat.craftItem.immersiveengineering.treatedWood":8,"stat.craftItem.minecraft.sandstone":15}