{"stat.pickup.actuallyadditions.itemDust":27,"stat.pickup.minecraft.bone":7,"stat.pickup.minecraft.wooden_slab":73,"stat.useItem.minecraft.iron_axe":65,"stat.leaveGame":1,"stat.mineBlock.minecraft.cobblestone":60,"stat.craftItem.minecraft.iron_axe":1,"stat.useItem.minecraft.soul_sand":2,"stat.craftItem.excompressum.compressed_hammer_stone":2,"stat.craftItem.extrautils2.compressedcobblestone":69,"stat.mineBlock.extrautils2.compressedcobblestone":69,"stat.swimOneCm":5455,"stat.craftItem.minecraft.shield":1,"stat.pickup.minecraft.enchanted_book":1,"stat.useItem.minecraft.planks":212,"stat.pickup.minecraft.glowstone_dust":11,"achievement.buildWorkBench":3,"stat.useItem.exnihiloadscensio.itemSeedPotato":5,"stat.pickup.minecraft.blaze_powder":12,"stat.pickup.lootbags.itemlootbag":6,"stat.pickup.tconstruct.slimesling":1,"stat.useItem.minecraft.dirt":37,"achievement.exploreAllBiomes":{"value":0,"progress":["ForestHills","Forest"]},"stat.useItem.minecraft.water_bucket":44,"stat.drop.minecraft.poisonous_potato":1,"stat.pickup.minecraft.rotten_flesh":5,"stat.pickup.minecraft.sand":259,"stat.pickup.excompressum.compressed_block":4,"stat.mineBlock.chisel.cobblestone":49,"stat.useItem.tconstruct.lumberaxe":42,"stat.craftItem.minecraft.stone_axe":1,"stat.craftItem.minecraft.iron_boots":1,"stat.breakItem.excompressum.compressed_hammer_wood":1,"stat.pickup.minecraft.bucket":2,"stat.craftItem.minecraft.stone_pickaxe":1,"stat.killEntity.Enderman":4,"stat.pickup.minecraft.cobblestone":17,"stat.mineBlock.minecraft.wooden_slab":63,"stat.flyOneCm":404620,"stat.craftItem.minecraft.iron_shovel":1,"stat.useItem.chisel.cobblestone":337,"stat.pickup.minecraft.soul_sand":5,"stat.mineBlock.minecraft.sand":29,"achievement.buildPickaxe":1,"stat.useItem.extrautils2.compressedgravel":22,"stat.drop.minecraft.sand":3,"stat.useItem.harvestcraft.donutItem":2,"stat.craftItem.minecraft.wooden_slab":150,"stat.pickup.extrautils2.compressedgravel":7,"stat.pickup.minecraft.redstone":2,"achievement.buildBetterPickaxe":1,"stat.timeSinceDeath":251935,"stat.hopperInspected":1,"stat.drop.minecraft.diamond":18,"stat.useItem.minecraft.iron_pickaxe":50,"stat.pickup.integrateddynamics.on_the_dynamics_of_integration":1,"stat.useItem.minecraft.wooden_slab":106,"stat.drop.minecraft.coal":6,"stat.craftItem.exnihiloadscensio.hammerWood":9,"stat.craftItem.minecraft.glass_pane":32,"stat.pickup.exnihiloadscensio.itemOreGold":97,"stat.useItem.minecraft.potato":12,"stat.furnaceInteraction":73,"stat.useItem.minecraft.nether_wart":2,"stat.pickup.chancecubes.chance_Cube":1,"stat.craftItem.exnihiloadscensio.itemOreIron":11,"stat.pickup.minecraft.shield":1,"stat.killEntity.Creeper":2,"stat.useItem.minecraft.armor_stand":1,"stat.craftItem.minecraft.stone_hoe":1,"stat.drop.minecraft.stone_slab":1,"stat.craftItem.excompressum.compressed_crook":3,"stat.craftItem.excompressum.compressed_hammer_wood":1,"stat.useItem.tconstruct.edible":2,"stat.useItem.minecraft.cooked_mutton":1,"stat.pickup.minecraft.furnace":5,"achievement.mineWood":82,"stat.craftItem.tconstruct.tooltables":2,"stat.sprintOneCm":401473,"stat.mineBlock.minecraft.stone_slab":5,"stat.craftItem.minecraft.stick":112,"stat.craftItem.excompressum.compressed_hammer_iron":1,"stat.useItem.minecraft.stone_slab":11,"achievement.openInventory":285,"stat.craftItem.minecraft.armor_stand":1,"stat.drop.minecraft.leaves":1,"stat.craftItem.betterbuilderswands.wandIron":1,"stat.useItem.minecraft.carrot":20,"stat.useItem.excompressum.compressed_hammer_stone":39,"stat.craftItem.chisel.chisel_diamond":1,"stat.pickup.minecraft.emerald":4,"stat.drop.actuallyadditions.itemMisc":2,"stat.useItem.minecraft.dye":11,"stat.craftItem.stevescarts.CartModule":1,"stat.mineBlock.minecraft.planks":5,"stat.drop":62,"stat.playOneMinute":251935,"stat.craftItem.ironchest.woodIronUpgrade":4,"stat.craftItem.minecraft.iron_pickaxe":1,"stat.killEntity.Zombie":1,"stat.craftItem.minecraft.cooked_mutton":1,"stat.diveOneCm":302,"stat.chestOpened":86,"stat.craftItem.exnihiloadscensio.hammerStone":9,"stat.pickup.minecraft.gravel":681,"stat.mineBlock.exnihiloadscensio.blockInfestedLeaves":2,"stat.pickup.minecraft.arrow":6,"stat.useItem.extrautils2.compressedcobblestone":69,"stat.useItem.minecraft.apple":15,"stat.pickup.minecraft.obsidian":2,"stat.craftItem.stevescarts.ModuleComponents":2,"stat.useItem.snad.snad":4,"stat.pickup.exnihiloadscensio.itemOreNickel":16,"stat.drop.minecraft.apple":5,"stat.pickup.tconstruct.lumberaxe":1,"stat.jump":1534,"stat.useItem.minecraft.sand":29,"stat.pickup.minecraft.coal":103,"stat.useItem.actuallyadditions.itemCanolaSeed":6,"stat.pickup.minecraft.cooked_chicken":1,"stat.fallOneCm":30915,"stat.useItem.tconstruct.tooltables":2,"stat.pickup.minecraft.iron_ingot":65,"stat.pickup.minecraft.carrot":68,"stat.useItem.minecraft.stone_axe":66,"stat.pickup.minecraft.gunpowder":20,"stat.crouchOneCm":20409,"stat.craftItem.minecraft.iron_ingot":18,"stat.craftItem.minecraft.torch":84,"stat.craftItem.minecraft.chest":10,"stat.pickup.minecraft.dirt":37,"stat.craftItem.minecraft.iron_helmet":1,"stat.useItem.minecraft.cooked_chicken":1,"stat.pickup.mysticalagriculture.prosperity_shard":20,"stat.pickup.actuallyadditions.itemCanolaSeed":4,"stat.useItem.minecraft.sapling":10,"stat.pickup.minecraft.leaves":44,"stat.damageTaken":496,"stat.craftItem.exnihiloadscensio.crookWood":11,"stat.mineBlock.minecraft.torch":15,"stat.mineBlock.minecraft.furnace":5,"stat.useItem.minecraft.reeds":3,"stat.pickup.exnihiloadscensio.itemMaterial":40,"stat.useItem.minecraft.furnace":5,"stat.craftItem.betterbuilderswands.wandDiamond":1,"stat.useItem.excompressum.compressed_crook":570,"stat.drop.tconstruct.slimesling":1,"stat.pickup.minecraft.dye":45,"stat.pickup.minecraft.planks":5,"stat.pickup.minecraft.reeds":4,"stat.craftItem.exnihiloadscensio.hammerIron":9,"stat.pickup.exnihiloadscensio.itemOreIron":41,"stat.useItem.actuallyadditions.itemSwordEmerald":32,"stat.pickup.chisel.cobblestone":49,"stat.pickup.minecraft.potato":32,"stat.mineBlock.minecraft.gravel":66,"stat.useItem.minecraft.stone_pickaxe":19,"stat.craftItem.extrautils2.compressedsand":18,"stat.craftItem.minecraft.iron_leggings":1,"stat.drop.chiselsandbits.bit_bag":2,"stat.damageDealt":2110,"stat.craftItem.minecraft.glass":12,"stat.pickup.snad.snad":4,"stat.drop.stevescarts.CartModule":5,"stat.craftItem.minecraft.baked_potato":173,"stat.pickup.minecraft.poisonous_potato":1,"stat.craftItem.minecraft.stone_slab":132,"stat.walkOneCm":532580,"stat.useItem.minecraft.torch":114,"stat.craftItem.excompressum.compressed_block":19,"stat.useItem.minecraft.chest":10,"stat.useItem.minecraft.log":113,"stat.useItem.minecraft.cobblestone":89,"stat.craftItem.extrautils2.compressedgravel":71,"stat.craftItem.minecraft.crafting_table":2,"stat.useItem.minecraft.gravel":66,"stat.useItem.minecraft.lava_bucket":1,"ftbl.stat.last_seen":{"value":0,"progress":1590144716116},"stat.pickup.minecraft.log":91,"stat.pickup.mysticalagriculture.inferium_essence":1,"stat.useItem.betterbuilderswands.wandDiamond":18,"stat.drop.minecraft.carrot":10,"stat.pickup.exnihiloadscensio.itemOreLead":18,"stat.drop.minecraft.sapling":3,"stat.craftItem.minecraft.iron_chestplate":1,"stat.pickup.bigreactors.dustmetals":14,"stat.pickup.minecraft.sapling":147,"stat.pickup.minecraft.ender_pearl":1,"stat.pickup.minecraft.wooden_door":1,"stat.pickup.minecraft.apple":20,"stat.drop.minecraft.clay":1,"stat.useItem.minecraft.glass_pane":14,"stat.killEntity.Skeleton":3,"stat.pickup.minecraft.beetroot":11,"stat.pickup.actuallyadditions.itemMisc":17,"stat.useItem.excompressum.compressed_hammer_wood":61,"stat.craftItem.minecraft.planks":420,"stat.killEntity.Spider":1,"stat.pickup.exnihiloadscensio.blockDust":29,"stat.mobKills":11,"ftbl.stat.first_joined":{"value":0,"progress":1590087435707},"stat.mineBlock.minecraft.log":87,"stat.craftItem.minecraft.wooden_door":3,"stat.craftItem.minecraft.cooked_chicken":1,"stat.pickup.stevescarts.CartModule":4,"stat.useItem.minecraft.stone_hoe":40,"stat.useItem.minecraft.wooden_door":4,"stat.pickup.minecraft.diamond":25,"stat.pickup.chiselsandbits.bit_bag":3,"stat.mineBlock.minecraft.leaves":591,"stat.pickup.minecraft.beetroot_seeds":13,"stat.pickup.minecraft.torch":19,"stat.useItem.minecraft.beetroot_seeds":10,"stat.sneakTime":6788,"stat.drop.minecraft.bucket":1,"stat.useItem.minecraft.baked_potato":21,"stat.mineBlock.extrautils2.compressedgravel":22,"stat.drop.minecraft.arrow":2,"stat.pickup.minecraft.stone_slab":8,"stat.useItem.excompressum.compressed_hammer_iron":137,"stat.useItem.minecraft.beetroot":2,"stat.useItem.betterbuilderswands.wandIron":40,"stat.pickup.actuallyadditions.itemSwordEmerald":1}