{"stat.useItem.minecraft.bow":1,"stat.pickup.actuallyadditions.itemDust":3,"stat.pickup.minecraft.wooden_slab":33,"stat.drop.excompressum.compressed_hammer_stone":2,"stat.pickup.draconicevolution.draconium_dust":38,"stat.leaveGame":8,"stat.pickup.betterbuilderswands.wandDiamond":4,"stat.craftItem.mysticalagriculture.infusion_crystal":4,"stat.mineBlock.colossalchests.chestWall":31,"stat.drop.mysticalagriculture.inferium_essence":128,"stat.craftItem.excompressum.compressed_hammer_stone":5,"stat.drop.mysticalagriculture.infusion_crystal":2,"stat.craftItem.minecraft.shield":1,"stat.useItem.immersiveengineering.metalDevice1":3,"stat.mineBlock.minecraft.web":1,"stat.pickup.mysticalagriculture.experience_essence":103,"stat.useItem.immersiveengineering.metalDevice0":7,"stat.mineBlock.gravestone.gravestone":3,"stat.useItem.tp.ReinforcedGlass":36,"stat.craftItem.exnihiloadscensio.itemOreGold":110,"stat.useItem.extrautils2.goldenlasso":2,"stat.craftItem.extrautils2.endershard":8,"stat.pickup.minecraft.rotten_flesh":207,"stat.pickup.excompressum.compressed_block":1,"stat.craftItem.minecraft.stone_axe":1,"stat.craftItem.mysticalagriculture.supremium_ingot":5,"stat.pickup.minecraft.bucket":3,"stat.craftItem.mysticalagriculture.soulium_ingot_block":1,"achievement.botania:flowerPickup":46,"stat.useItem.botania.flower":1,"stat.killEntity.Enderman":13,"stat.mineBlock.minecraft.wooden_slab":29,"stat.useItem.minecraft.anvil":1,"achievement.buildPickaxe":6,"stat.killEntity.Witch":3,"stat.craftItem.exnihiloadscensio.blockBarrel1":1,"stat.craftItem.exnihiloadscensio.blockBarrel0":15,"stat.drop.minecraft.sand":109,"stat.craftItem.excompressum.compressed_hammer_diamond":2,"stat.craftItem.mysticalagriculture.inferium_essence":212,"stat.craftItem.excompressum.bait":6,"stat.mineBlock.minecraft.end_stone":122,"stat.craftItem.actuallyadditions.blockAtomicReconstructor":1,"stat.pickup.extrautils2.endershard":1,"stat.pickup.excompressum.heavy_sieve":1,"stat.pickup.exnihiloadscensio.itemSeedAcacia":5,"stat.craftItem.minecraft.bed":3,"stat.craftItem.minecraft.glass_pane":16,"stat.pickup.extrautils2.chickenring":2,"stat.mineBlock.minecraft.hopper":1,"stat.craftItem.tp.iron_cobblegen_block":1,"stat.furnaceInteraction":472,"stat.mineBlock.botania.flower":46,"stat.pickup.headcrumbs.skull":9,"stat.pickup.mysticalagriculture.soulium_ingot_block":1,"stat.craftItem.exnihiloadscensio.itemMesh":7,"stat.craftItem.mysticalagriculture.intermedium_block":1,"stat.pickup.minecraft.sponge":5,"stat.useItem.minecraft.end_stone":126,"stat.craftItem.excompressum.compressed_crook":13,"stat.craftItem.mysticalagriculture.tier3_crafting_seed":4,"stat.pickup.minecraft.beef":6,"stat.pickup.mysticalagriculture.tier1_inferium_seeds":64,"stat.craftItem.botania.fertilizer":28,"stat.craftItem.immersiveengineering.sheetmetalSlab":30,"stat.craftItem.botania.pestleAndMortar":1,"achievement.openInventory":2199,"stat.craftItem.actuallyadditions.blockMisc":6,"stat.pickup.mysticalagriculture.diamond_essence":4,"stat.craftItem.mysticalagriculture.tier4_crafting_seed":3,"stat.useItem.minecraft.flint_and_steel":3,"stat.pickup.exnihiloadscensio.itemSeedOak":7,"stat.craftItem.mysticalagriculture.prudentium_furnace":1,"stat.pickup.minecraft.emerald":4,"stat.drop.actuallyadditions.itemMisc":2,"stat.useItem.minecraft.dye":66,"stat.craftItem.mysticalagriculture.mystical_machine_frame":4,"stat.drop.integrateddynamics.crystalizedMenrilChunk":6,"stat.deaths":4,"stat.useItem.tconstruct.smeltery_io":2,"stat.useItem.forge.bucketFilled":45,"stat.craftItem.enderio.itemMaterial":24,"stat.useItem.enderio.itemPowerConduit":14,"stat.craftItem.mysticalagriculture.tier5_crafting_seed":2,"stat.craftItem.immersiveengineering.metal":85,"stat.mineBlock.minecraft.tallgrass":68,"stat.pickup.tconstruct.seared":3,"stat.chestOpened":811,"stat.craftItem.actuallyadditions.itemSwordEmerald":2,"stat.mineBlock.ironchest.BlockIronChest":1,"stat.useItem.minecraft.stone":7,"stat.pickup.minecraft.arrow":59,"stat.pickup.extrautils2.compressedcobblestone":3,"stat.useItem.tp.cobblegen_block":4,"stat.useItem.snad.snad":5,"stat.useItem.minecraft.clay":8,"stat.craftItem.excompressum.auto_heavy_sieve":1,"stat.pickup.minecraft.chorus_flower":1,"stat.craftItem.minecraft.coal":1236,"stat.pickup.exnihiloadscensio.itemOreNickel":256,"stat.pickup.tconstruct.cast_custom":2,"stat.pickup.minecraft.carrot":13,"stat.crouchOneCm":148036,"achievement.killCow":1,"stat.mineBlock.minecraft.chest":9,"stat.craftItem.minecraft.diamond":56,"stat.craftItem.minecraft.iron_ingot":711,"stat.pickup.mysticalagriculture.coal_essence":177,"stat.craftItem.minecraft.hopper":2,"stat.craftingTableInteraction":6,"stat.craftItem.enderio.blockSagMill":1,"stat.craftItem.mysticalagriculture.superium_furnace":1,"stat.mineBlock.exnihiloadscensio.blockBarrel0":4,"stat.craftItem.tconstruct.pattern":517,"stat.pickup.exnihiloadscensio.itemMaterial":367,"stat.useItem.minecraft.reeds":7,"stat.craftItem.betterbuilderswands.wandDiamond":2,"stat.pickup.mysticalagriculture.intermedium_essence":1,"stat.pickup.mysticalagriculture.tier3_crafting_seed":1,"stat.pickup.minecraft.dye":611,"stat.pickup.minecraft.planks":32,"stat.pickup.minecraft.wheat_seeds":37,"stat.pickup.chisel.cobblestone":11,"stat.drop.minecraft.soul_sand":2,"stat.useItem.minecraft.enchanting_table":1,"stat.pickup.darkutils.material":16,"stat.craftItem.extrautils2.pipe":32,"stat.useItem.exnihiloadscensio.hammerWood":160,"stat.pickup.exnihiloadscensio.itemSeedPotato":7,"stat.craftItem.immersiveengineering.sheetmetal":45,"stat.pickup.tconstruct.pattern":9,"stat.useItem.actuallyadditions.itemPickaxeCrystalBlack":61,"stat.pickup.immersiveengineering.seed":3,"stat.useItem.minecraft.cobblestone":518,"stat.craftItem.enderio.itemMachinePart":2,"stat.useItem.minecraft.gravel":148,"stat.drop.minecraft.chicken":1,"stat.drop.excompressum.compressed_crook":3,"stat.pickup.exnihiloadscensio.itemOreLead":235,"stat.craftItem.minecraft.gold_ingot":108,"stat.drop.minecraft.sapling":25,"stat.pickup.minecraft.hopper":1,"stat.pickup.minecraft.chicken":4,"stat.craftItem.draconicevolution.draconium_ingot":28,"stat.pickup.mysticalagriculture.superium_essence":4,"stat.craftItem.integrateddynamics.menrilTorch":4,"stat.pickup.minecraft.apple":141,"stat.craftItem.immersiveengineering.tool":2,"stat.pickup.minecraft.end_stone":49,"stat.pickup.minecraft.banner":1,"achievement.portal":2,"stat.craftItem.minecraft.bucket":5,"stat.craftItem.minecraft.planks":2442,"stat.itemEnchanted":29,"stat.pickup.mysticalagriculture.supremium_ingot":10,"stat.pickup.torchmaster.mega_torch":1,"stat.pickup.minecraft.book":24,"stat.mineBlock.minecraft.log":1069,"stat.craftItem.minecraft.wooden_door":3,"stat.useItem.minecraft.wooden_door":2,"achievement.acquireIron":61,"stat.craftItem.minecraft.paper":444,"stat.pickup.minecraft.red_flower":4,"stat.pickup.minecraft.wool":9,"stat.craftItem.exnihiloadscensio.itemMaterial":21,"stat.useItem.minecraft.wooden_axe":154,"stat.pickup.extrautils2.pipe":23,"stat.craftItem.minecraft.cobblestone":464,"draconicevolution.dust":17,"stat.pickup.actuallyadditions.itemSwordEmerald":1,"stat.cakeSlicesEaten":7,"stat.pickup.exnihiloadscensio.blockBarrel0":4,"stat.craftItem.mysticalagriculture.wither_skeleton_seeds":1,"stat.killEntity.headcrumbs.Human":100,"stat.craftItem.minecraft.diamond_leggings":1,"stat.drop.exnihiloadscensio.itemMesh":2,"stat.useItem.mysticalagriculture.soulium_ingot_block":1,"stat.mineBlock.minecraft.cobblestone":171,"stat.useItem.tconstruct.mattock":254,"stat.pickup.minecraft.stone_pickaxe":1,"stat.pickup.minecraft.flint":7,"stat.mineBlock.minecraft.yellow_flower":3,"stat.useItem.minecraft.skull":54,"stat.useItem.integrateddynamics.menrilTorch":1,"stat.pickup.colossalchests.chestWall":90,"stat.craftItem.minecraft.wool":9,"stat.drop.minecraft.cobblestone":210,"achievement.buildWorkBench":5,"stat.useItem.exnihiloadscensio.crookWood":63,"stat.craftItem.mysticalagriculture.experience_seeds":1,"stat.useItem.colossalchests.chestWall":70,"stat.pickup.minecraft.bow":8,"stat.pickup.minecraft.iron_boots":3,"stat.craftItem.mysticalagriculture.tier2_inferium_seeds":1,"stat.pickup.integrateddynamics.menrilTorch":2,"stat.useItem.tconstruct.cleaver":1,"stat.mineBlock.chisel.cobblestone":9,"stat.craftItem.minecraft.furnace":20,"stat.mineBlock.mysticalagriculture.soulium_ingot_block":1,"stat.pickup.tp.cobblegen_block":2,"stat.craftItem.minecraft.iron_boots":3,"stat.useItem.mysticalagriculture.soulstone":13,"stat.pickup.minecraft.shears":1,"stat.mineBlock.minecraft.clay":8,"stat.pickup.mysticalagriculture.prudentium_essence":13,"stat.pickup.minecraft.diamond_leggings":1,"stat.flyOneCm":3095048,"stat.craftItem.actuallyadditions.itemMisc":30,"stat.useItem.extrautils2.compressedgravel":256,"stat.craftItem.extrautils2.grocket":12,"stat.craftItem.botania.dye":103,"stat.craftItem.minecraft.emerald_block":2,"stat.timeSinceDeath":96907,"stat.useItem.exnihiloadscensio.blockDust":1,"stat.craftItem.mysticalagriculture.soul_dust":56,"stat.useItem.minecraft.wooden_slab":86,"stat.pickup.mysticalagriculture.tier2_crafting_seed":1,"stat.craftItem.minecraft.iron_block":8,"stat.killEntity.Bat":24,"stat.pickup.hatchery.chickenmanure":7,"stat.mineBlock.excompressum.bait":7,"stat.craftItem.exnihiloadscensio.hammerWood":3,"stat.pickup.exnihiloadscensio.itemOreGold":525,"stat.craftItem.tconstruct.seared":72,"stat.craftItem.excompressum.auto_compressed_hammer":1,"stat.killEntity.Creeper":58,"stat.pickup.minecraft.shield":2,"stat.craftItem.minecraft.stone_hoe":1,"stat.pickup.extrautils2.ingredients":6,"stat.pickup.darkutils.mystery_potion":1,"stat.pickup.minecraft.string":1093,"stat.craftItem.mysticalagriculture.master_infusion_crystal":1,"stat.pickup.excompressum.compressed_hammer_stone":2,"stat.craftItem.ironchest.goldDiamondUpgrade":8,"achievement.buildSword":22,"stat.craftItem.tconstruct.tooltables":8,"stat.craftItem.excompressum.heavy_sieve":2,"stat.killEntity.Squid":1,"stat.breakItem.excompressum.compressed_hammer_stone":1,"stat.sprintOneCm":2525192,"stat.mineBlock.minecraft.stone_slab":108,"stat.pickup.mysticalagriculture.wither_skeleton_chunk":5,"stat.craftItem.minecraft.wooden_axe":3,"stat.craftItem.mysticalagriculture.coal_seeds":1,"stat.useItem.minecraft.snowball":1,"stat.drop.tconstruct.cleaver":1,"stat.craftItem.mysticalagriculture.tier1_inferium_seeds":1,"stat.craftItem.mysticalagriculture.soulium_ingot":11,"stat.useItem.ceramics.clay_bucket":5,"stat.craftItem.mysticalagriculture.tier4_inferium_seeds":1,"achievement.killEnemy":386,"stat.useItem.tconstruct.seared_tank":1,"stat.pickup.minecraft.sugar":1,"stat.pickup.colossalchests.uncolossalChest":2,"stat.useItem.minecraft.cake":1,"stat.craftItem.excompressum.wooden_crucible":6,"stat.craftItem.ironchest.woodIronUpgrade":13,"stat.craftItem.minecraft.emerald":19,"stat.useItem.exnihiloadscensio.itemSeedJungle":1,"stat.mineBlock.extrautils2.compressedsand":119,"stat.pickup.mysticalagriculture.tier5_inferium_seeds":1,"stat.breakItem.moreshears.stoneShears":17,"stat.killEntity.Zombie":82,"stat.craftItem.minecraft.dye":230,"stat.pickup.minecraft.snowball":1,"stat.pickup.enderio.blockEndermanSkull":2,"stat.craftItem.harvestcraft.epicbaconItem":3,"stat.craftItem.minecraft.diamond_axe":1,"stat.diveOneCm":11197,"stat.pickup.minecraft.wheat":76,"stat.pickup.tconstruct.tooltables":1,"stat.craftItem.mysticalagriculture.tier2_crafting_seed":6,"stat.pickup.exnihiloadscensio.itemSeedJungle":5,"achievement.buildHoe":5,"stat.useItem.excompressum.bait":12,"stat.craftItem.minecraft.cooked_porkchop":5,"stat.drop.lootbags.itemlootbag":1,"stat.pickup.mysticalagriculture.master_infusion_crystal":3,"stat.pickup.minecraft.obsidian":6,"stat.pickup.exnihiloadscensio.itemPebble":630,"stat.pickup.mysticalagriculture.tier3_inferium_seeds":16,"stat.useItem.minecraft.rotten_flesh":26,"stat.drop.minecraft.apple":15,"stat.craftItem.minecraft.diamond_sword":1,"stat.jump":12983,"stat.useItem.minecraft.sand":50,"stat.pickup.minecraft.coal":761,"stat.pickup.minecraft.iron_ingot":48,"stat.craftItem.minecraft.lever":3,"stat.useItem.exnihiloadscensio.itemSeedSugarcane":4,"stat.drop.minecraft.diamond_sword":2,"stat.pickup.minecraft.gunpowder":237,"stat.drop.tconstruct.pattern":9,"stat.craftItem.minecraft.torch":208,"stat.craftItem.exnihiloadscensio.itemOreLead":5,"stat.pickup.minecraft.dirt":311,"achievement.makeBread":88,"stat.pickup.mysticalagriculture.end_seeds":1,"stat.pickup.exnihiloadscensio.itemSeedSugarcane":6,"stat.useItem.minecraft.sapling":165,"stat.pickup.minecraft.cookie":1,"stat.damageTaken":6128,"stat.craftItem.extrautils2.goldenlasso":3,"stat.craftItem.mysticalagriculture.redstone_seeds":1,"stat.mineBlock.torchmaster.mega_torch":1,"stat.mineBlock.minecraft.torch":61,"stat.mineBlock.minecraft.red_flower":4,"stat.pickup.immersiveengineering.metal":2,"stat.mineBlock.minecraft.sapling":5,"stat.drop.tconstruct.slimesling":2,"stat.craftItem.minecraft.glowstone":4,"stat.craftItem.mysticalagriculture.intermedium_furnace":1,"stat.pickup.chesttransporter.chesttransporter_gold":1,"stat.pickup.minecraft.bed":2,"stat.pickup.minecraft.potato":1,"stat.entityKilledBy.Zombie":1,"stat.craftItem.extrautils2.compressedsand":263,"stat.craftItem.mysticalagriculture.supremium_block":4,"stat.craftItem.exnihiloadscensio.blockSieve":1,"stat.drop.stevescarts.CartModule":1,"stat.useItem.excompressum.compressed_hammer_diamond":711,"stat.useItem.excompressum.auto_heavy_sieve":1,"stat.craftItem.minecraft.stone_slab":1542,"stat.useItem.minecraft.chest":28,"stat.craftItem.tconstruct.smeltery_io":2,"stat.pickup.mysticalagriculture.zombie_chunk":11,"stat.useItem.colossalchests.uncolossalChest":2,"stat.pickup.minecraft.diamond_pickaxe":3,"stat.useItem.minecraft.lava_bucket":3,"stat.craftItem.enderio.itemAlloy":4,"stat.useItem.tconstruct.faucet":2,"stat.craftItem.mysticalagriculture.tier3_inferium_seeds":1,"stat.useItem.immersiveengineering.sheetmetalSlab":2,"stat.craftItem.minecraft.iron_chestplate":2,"stat.pickup.minecraft.baked_potato":125,"stat.pickup.bigreactors.dustmetals":77,"stat.pickup.minecraft.ender_pearl":16,"stat.craftItem.mysticalagriculture.nether_seeds":1,"stat.useItem.minecraft.netherrack":3,"stat.craftItem.minecraft.bookshelf":49,"stat.craftItem.mysticalagriculture.supremium_essence":89,"stat.pickup.actuallyadditions.itemCoffeeSeed":5,"stat.mineBlock.immersiveengineering.metalDevice1":1,"stat.mobKills":462,"stat.pickup.exnihiloadscensio.blockEndstoneCrushed":126,"stat.pickup.minecraft.diamond_boots":1,"stat.mineBlock.minecraft.bookshelf":2,"stat.craftItem.minecraft.shears":3,"stat.pickup.stevescarts.CartModule":2,"stat.pickup.actuallyadditions.blockCoalGenerator":1,"stat.pickup.minecraft.diamond":68,"stat.pickup.minecraft.beetroot_seeds":6,"achievement.bookcase":97,"stat.pickup.minecraft.torch":85,"stat.mineBlock.tp.cobblegen_block":3,"stat.mineBlock.colossalchests.uncolossalChest":2,"stat.useItem.tconstruct.toolforge":1,"stat.useItem.colossalchests.colossalChest":6,"stat.craftItem.immersiveengineering.treatedWood":8,"stat.pickup.tconstruct.shuriken":1,"stat.pickup.integrateddynamics.crystalizedMenrilChunk":6,"stat.pickup.mysticalagriculture.skeleton_chunk":8,"stat.useItem.minecraft.bookshelf":39,"stat.pickup.enderio.itemPowerConduit":6,"stat.useItem.minecraft.soul_sand":81,"stat.pickup.tp.QuartzDust":15,"stat.craftItem.colossalchests.colossalChest":1,"stat.mineBlock.extrautils2.compressedcobblestone":739,"stat.pickup.immersiveengineering.metalDevice1":1,"stat.pickup.immersiveengineering.metalDevice0":1,"stat.useItem.minecraft.planks":62,"stat.pickup.minecraft.glowstone_dust":54,"stat.pickup.mysticalagriculture.superium_ingot":20,"stat.pickup.minecraft.porkchop":10,"stat.pickup.minecraft.blaze_powder":68,"stat.pickup.minecraft.glass":51,"stat.pickup.tconstruct.slimesling":4,"stat.useItem.minecraft.water_bucket":28,"stat.useItem.exnihiloadscensio.blockInfestedLeaves":4,"stat.pickup.minecraft.sand":2429,"stat.breakItem.exnihiloadscensio.hammerWood":2,"stat.craftItem.exnihiloadscensio.blockCrucible":6,"achievement.diamonds":36,"stat.craftItem.moreshears.diamondShears":1,"stat.craftItem.tconstruct.casting":2,"stat.useItem.exnihiloadscensio.blockCrucible":3,"stat.useItem.minecraft.ender_pearl":3,"stat.mineBlock.minecraft.sand":50,"stat.drop.tconstruct.lumberaxe":3,"stat.pickup.actuallyadditions.itemFlaxSeed":5,"achievement.buildBetterPickaxe":6,"stat.pickup.actuallyadditions.itemBooklet":1,"stat.hopperInspected":4,"stat.pickup.darkutils.shulker_pearl":15,"stat.craftItem.mysticalagriculture.superium_ingot":15,"stat.useItem.exnihiloadscensio.itemSeedCarrot":12,"stat.craftItem.mysticalagriculture.base_crafting_seed":7,"stat.useItem.excompressum.heavy_sieve":2,"stat.craftItem.mysticalagriculture.seed_reprocessor":1,"stat.pickup.minecraft.ghast_tear":8,"stat.mineBlock.mysticalagriculture.soulstone":13,"stat.useItem.moreshears.stoneShears":1060,"stat.craftItem.mysticalagriculture.witherproof_block":308,"stat.craftItem.mysticalagriculture.superium_block":1,"stat.pickup.tconstruct.cleaver":1,"stat.craftItem.exnihiloadscensio.itemOreIron":179,"stat.drop.betterbuilderswands.wandStone":1,"stat.mineBlock.botania.doubleFlower2":21,"stat.useItem.mysticalagriculture.witherproof_block":83,"stat.mineBlock.botania.doubleFlower1":34,"stat.craftItem.exnihiloadscensio.itemOreSilver":16,"stat.useItem.extrautils2.pipe":38,"stat.pickup.minecraft.furnace":2,"stat.pickup.tconstruct.cast":4,"achievement.overkill":121,"stat.pickup.extrautils2.compressedsand":4,"achievement.mineWood":680,"stat.craftItem.mysticalagriculture.prudentium_essence":6022,"stat.pickup.minecraft.iron_chestplate":2,"stat.pickup.minecraft.skull":23,"stat.pickup.enderio.itemPowderIngot":18,"stat.useItem.botania.petal":55,"stat.craftItem.minecraft.sand":252,"stat.pickup.minecraft.pumpkin_seeds":3,"stat.pickup.tconstruct.slime_dirt":1,"stat.useItem.minecraft.hopper":3,"stat.craftItem.immersiveengineering.material":3,"stat.mineBlock.minecraft.soul_sand":17,"stat.craftItem.minecraft.heavy_weighted_pressure_plate":2,"stat.drop.betterbuilderswands.wandDiamond":3,"stat.playOneMinute":2003157,"stat.craftItem.mysticalagriculture.soulium_dust":11,"stat.useItem.minecraft.shears":240,"stat.pickup.mysticalagriculture.creeper_chunk":2,"stat.useItem.tp.iron_cobblegen_block":1,"stat.pickup.natura.overworld_seeds":1,"stat.craftItem.mysticalagriculture.soulium_dagger":1,"stat.pickup.minecraft.netherrack":12,"stat.pickup.exnihiloadscensio.itemMesh":21,"stat.craftItem.colossalchests.uncolossalChest":2,"stat.craftItem.immersiveengineering.metalDecoration2":3,"stat.craftItem.mysticalagriculture.tier5_inferium_seeds":1,"stat.craftItem.tp.cobblegen_block":2,"stat.drop.immersiveengineering.treatedWood":3,"stat.drop.mysticalagriculture.prosperity_shard":14,"stat.pickup.exnihiloadscensio.itemSeedBirch":4,"stat.breakItem.excompressum.compressed_crook":9,"stat.craftItem.minecraft.flint":38,"stat.craftItem.snad.snad":10,"stat.pickup.tconstruct.lumberaxe":1,"stat.useItem.minecraft.experience_bottle":1387,"stat.pickup.mysticalagriculture.supremium_essence":30,"stat.fallOneCm":235230,"stat.drop.minecraft.stone":5,"stat.useItem.extrautils2.trashcan":1,"stat.pickup.excompressum.compressed_crook":4,"stat.pickup.minecraft.melon_seeds":6,"stat.craftItem.tconstruct.toolforge":1,"stat.craftItem.minecraft.chest":34,"stat.entityKilledBy.headcrumbs.Human":1,"stat.pickup.mysticalagriculture.prosperity_shard":115,"stat.pickup.minecraft.feather":3,"stat.useItem.minecraft.furnace":17,"stat.pickup.exnihiloadscensio.itemSeedDarkOak":6,"stat.craftItem.tconstruct.materials":336,"stat.useItem.excompressum.compressed_crook":7000,"stat.craftItem.moreshears.stoneShears":19,"stat.craftItem.extrautils2.ingredients":2,"stat.pickup.minecraft.iron_leggings":1,"stat.drop.snad.snad":5,"stat.mineBlock.randomthings.rainShield":1,"stat.mineBlock.minecraft.gravel":148,"stat.useItem.minecraft.stone_pickaxe":113,"stat.craftItem.tconstruct.seared_tank":1,"stat.pickup.mysticalagriculture.intermedium_furnace":2,"stat.craftItem.minecraft.iron_leggings":2,"stat.pickup.mysticalagriculture.wither_skeleton_essence":83,"stat.useItem.minecraft.wool":2,"stat.craftItem.mysticalagriculture.superium_essence":446,"stat.useItem.minecraft.torch":230,"stat.pickup.minecraft.golden_apple":1,"stat.useItem.extrautils2.grocket":20,"stat.craftItem.mysticalagriculture.iron_seeds":1,"stat.pickup.minecraft.crafting_table":2,"stat.useItem.minecraft.log":43,"stat.craftItem.minecraft.crafting_table":5,"stat.craftItem.extrautils2.compressedgravel":793,"stat.mineBlock.enderio.blockConduitBundle":6,"stat.craftItem.ceramics.clay_bucket":3,"stat.pickup.excompressum.bait":7,"stat.pickup.extrautils2.grocket":13,"stat.pickup.minecraft.log":1183,"stat.craftItem.mysticalagriculture.inferium_ingot":15,"stat.drop.immersiveengineering.tool":1,"stat.useItem.mysticalagriculture.soulium_dagger":404,"stat.pickup.exnihiloadscensio.blockInfestedLeaves":88,"stat.pickup.minecraft.web":41,"stat.craftItem.betterbuilderswands.wandStone":1,"stat.pickup.minecraft.sapling":1423,"stat.pickup.exnihiloadscensio.itemOreCopper":109,"stat.pickup.minecraft.wooden_door":1,"stat.craftItem.exnihiloadscensio.itemOreCopper":14,"stat.drop.mysticalagriculture.tier2_crafting_seed":1,"stat.craftItem.tconstruct.smeltery_controller":1,"stat.drop.minecraft.bow":1,"stat.pickup.withercrumbs.crumb_star":14,"stat.pickup.actuallyadditions.itemMisc":5,"stat.craftItem.minecraft.end_stone":80,"stat.drop.immersiveengineering.material":1,"stat.pickup.minecraft.diamond_helmet":2,"stat.craftItem.enderio.blockAlloySmelter":1,"stat.mineBlock.exnihiloadscensio.blockDust":1,"ftbl.stat.first_joined":{"value":0,"progress":1590002759982},"stat.pickup.mysticalagriculture.coal_seeds":102,"stat.craftItem.minecraft.cooked_chicken":1,"stat.useItem.minecraft.stone_hoe":10,"stat.mineBlock.mysticalagriculture.intermedium_furnace":2,"stat.drop.colossalchests.chestWall":14,"stat.pickup.mysticalagriculture.experience_seeds":75,"stat.sneakTime":49105,"stat.drop.minecraft.bucket":2,"stat.mineBlock.extrautils2.compressedgravel":256,"stat.useItem.minecraft.baked_potato":239,"stat.pickup.minecraft.stone_slab":160,"stat.pickup.actuallyadditions.itemRiceSeed":3,"stat.pickup.minecraft.yellow_flower":3,"stat.pickup.minecraft.chest":19,"stat.craftItem.minecraft.enchanting_table":1,"stat.drop.minecraft.stone_pickaxe":1,"stat.craftItem.minecraft.diamond_chestplate":1,"stat.pickup.minecraft.bone":138,"stat.craftItem.mysticalagriculture.prudentium_block":1,"stat.craftItem.ceramics.unfired_clay":3,"stat.pickup.minecraft.redstone_torch":1,"stat.pickup.minecraft.record_blocks":1,"stat.craftItem.botania.petal":304,"stat.craftItem.tconstruct.faucet":2,"stat.useItem.minecraft.diamond_sword":993,"stat.craftItem.minecraft.diamond_helmet":1,"stat.craftItem.extrautils2.glasscutter":1,"stat.craftItem.extrautils2.compressedcobblestone":857,"stat.swimOneCm":16645,"stat.pickup.randomthings.rainShield":1,"stat.craftItem.mysticalagriculture.intermedium_essence":1559,"stat.pickup.lootbags.itemlootbag":23,"stat.useItem.minecraft.dirt":31,"stat.pickup.minecraft.golden_helmet":1,"achievement.exploreAllBiomes":{"value":0,"progress":["ForestHills","Forest","Hell"]},"stat.drop.immersiveengineering.metalDecoration2":1,"stat.useItem.botania.fertilizer":13,"stat.mineBlock.colossalchests.colossalChest":5,"stat.useItem.tconstruct.lumberaxe":639,"stat.craftItem.mysticalagriculture.prudentium_ingot":15,"stat.craftItem.minecraft.stone_pickaxe":2,"stat.pickup.mysticalagriculture.infusion_crystal":3,"stat.drop.actuallyadditions.itemSwordEmerald":2,"stat.pickup.minecraft.cobblestone":469,"stat.craftItem.mysticalagriculture.soulstone":445,"stat.useItem.exnihiloadscensio.blockBarrel0":18,"stat.pickup.minecraft.clay":1,"stat.useItem.exnihiloadscensio.blockBarrel1":1,"stat.pickup.minecraft.soul_sand":61,"stat.craftItem.minecraft.wooden_slab":1566,"stat.craftItem.extrautils2.compresseddirt":6,"stat.pickup.minecraft.cactus":13,"stat.pickup.minecraft.redstone":58,"stat.craftItem.minecraft.book":148,"stat.drop.exnihiloadscensio.itemMaterial":29,"stat.pickup.integrateddynamics.on_the_dynamics_of_integration":3,"stat.pickup.minecraft.mutton":10,"stat.craftItem.torchmaster.mega_torch":1,"stat.useItem.minecraft.lever":3,"stat.drop.excompressum.compressed_block":5,"stat.pickup.minecraft.cake":1,"stat.drop.minecraft.iron_bars":8,"stat.useItem.enderio.blockSagMill":1,"achievements.xu2.techtree.start":68,"stat.drop.minecraft.dirt":3,"stat.useItem.minecraft.cooked_porkchop":1,"stat.pickup.integrateddynamics.menrilSapling":8,"stat.craftItem.tconstruct.soil":336,"stat.pickup.exnihiloadscensio.itemOreSilver":49,"stat.pickup.mysticalagriculture.wither_skeleton_seeds":47,"stat.pickup.botania.petal":1,"stat.pickup.minecraft.nether_star":16,"stat.craftItem.minecraft.stick":820,"stat.craftItem.mysticalagriculture.inferium_block":1,"stat.useItem.minecraft.stone_slab":95,"stat.pickup.actuallyadditions.itemPickaxeCrystalBlack":1,"stat.pickup.minecraft.speckled_melon":1,"stat.useItem.minecraft.bed":5,"stat.craftItem.minecraft.stone":427,"stat.craftItem.minecraft.gold_nugget":36,"stat.useItem.tconstruct.casting":2,"stat.mineBlock.minecraft.crafting_table":2,"stat.useItem.minecraft.diamond_pickaxe":119,"stat.useItem.minecraft.carrot":38,"stat.useItem.excompressum.compressed_hammer_stone":527,"stat.useItem.mysticalagriculture.seed_reprocessor":1,"stat.pickup.minecraft.diamond_chestplate":1,"stat.pickup.botania.flower":46,"stat.breakItem.minecraft.shears":2,"achievement.buildFurnace":38,"stat.mineBlock.minecraft.planks":37,"stat.useItem.extrautils2.compressedsand":119,"stat.craftItem.minecraft.soul_sand":585,"stat.drop":95,"stat.killEntity.Sheep":8,"stat.useItem.tconstruct.seared":35,"stat.craftItem.minecraft.diamond_pickaxe":1,"stat.craftItem.mysticalagriculture.base_essence_ingot":19,"stat.craftItem.minecraft.piston":1,"stat.useItem.exnihiloadscensio.itemMaterial":15,"stat.craftItem.exnihiloadscensio.hammerStone":36,"stat.mineBlock.exnihiloadscensio.blockInfestedLeaves":987,"stat.pickup.minecraft.gravel":6798,"stat.useItem.mysticalagriculture.ultimate_furnace":1,"stat.useItem.extrautils2.compressedcobblestone":743,"stat.craftItem.immersiveengineering.metalDevice1":2,"stat.pickup.exnihiloadscensio.itemSeedSpruce":3,"stat.craftItem.immersiveengineering.metalDevice0":6,"stat.useItem.minecraft.diamond_axe":19,"stat.pickup.extrautils2.goldenlasso":2,"stat.useItem.minecraft.apple":108,"stat.breakItem.minecraft.wooden_axe":2,"draconicevolution.ingot":5,"stat.useItem.mysticalagriculture.intermedium_furnace":2,"stat.craftItem.mysticalagriculture.supremium_furnace":1,"stat.pickup.minecraft.diamond_sword":5,"stat.craftItem.enderio.itemPowerConduit":8,"stat.pickup.minecraft.iron_helmet":3,"stat.useItem.tconstruct.tooltables":7,"stat.useItem.minecraft.stone_axe":87,"stat.craftItem.minecraft.bread":44,"stat.pickup.exnihiloadscensio.itemOreAluminium":53,"stat.killEntity.Rooster":3,"stat.pickup.minecraft.spider_eye":66,"stat.craftItem.minecraft.iron_helmet":4,"stat.drop.minecraft.glass":17,"stat.craftItem.extrautils2.chickenring":2,"stat.pickup.actuallyadditions.itemCanolaSeed":11,"stat.useItem.betterbuilderswands.wandStone":20,"stat.craftItem.minecraft.flint_and_steel":1,"stat.mineBlock.tconstruct.tooltables":1,"stat.pickup.minecraft.leaves":1173,"stat.pickup.mysticalagriculture.experience_chunk":9,"stat.craftItem.minecraft.iron_bars":16,"stat.pickup.minecraft.leather":2,"stat.craftItem.exnihiloadscensio.crookWood":50,"stat.useItem.exnihiloadscensio.itemSeedCactus":1,"stat.mineBlock.minecraft.furnace":2,"stat.craftItem.colossalchests.chestWall":42,"stat.drop.minecraft.water_bucket":1,"stat.pickup.minecraft.reeds":60,"stat.killEntity.CaveSpider":7,"stat.pickup.exnihiloadscensio.itemOreIron":736,"stat.craftItem.mysticalagriculture.tier1_crafting_seed":6,"stat.drop.chiselsandbits.bit_bag":1,"stat.craftItem.minecraft.glass":269,"stat.damageDealt":127189,"stat.pickup.exnihiloadscensio.itemSeedCarrot":13,"stat.craftItem.minecraft.cauldron":1,"stat.useItem.randomthings.rainShield":1,"stat.sleepInBed":35,"stat.pickup.snad.snad":2,"stat.craftItem.minecraft.bowl":4,"stat.craftItem.minecraft.baked_potato":1219,"stat.craftItem.minecraft.anvil":1,"stat.killEntity.Cow":3,"stat.useItem.minecraft.crafting_table":2,"stat.craftItem.minecraft.gravel":27,"stat.killEntity.Pig":5,"stat.mineBlock.excompressum.heavy_sieve":1,"stat.pickup.botania.doubleFlower2":21,"stat.craftItem.mysticalagriculture.nether_cluster":4,"stat.pickup.botania.doubleFlower1":34,"stat.craftItem.immersiveengineering.storage":2,"stat.craftItem.enderio.itemBasicCapacitor":3,"stat.pickup.mysticalagriculture.enderman_chunk":3,"stat.walkOneCm":3173171,"stat.craftItem.excompressum.compressed_block":180,"stat.pickup.minecraft.stick":37,"stat.pickup.minecraft.clay_ball":32,"achievement.enchantments":2,"stat.breakItem.minecraft.stone_pickaxe":1,"ftbl.stat.last_seen":{"value":0,"progress":1590858689294},"stat.pickup.mysticalagriculture.inferium_essence":475,"stat.useItem.betterbuilderswands.wandDiamond":334,"stat.craftItem.minecraft.diamond_boots":1,"stat.useItem.exnihiloadscensio.blockSieve":1,"stat.craftItem.actuallyadditions.blockCoalGenerator":5,"stat.pickup.mysticalagriculture.spider_chunk":2,"stat.pickup.minecraft.stone":2,"stat.mineBlock.minecraft.wool":1,"stat.craftItem.minecraft.redstone":352,"stat.craftItem.ironchest.ironGoldUpgrade":13,"stat.useItem.minecraft.leaves":2,"stat.craftItem.mysticalagriculture.inferium_furnace":1,"stat.useItem.torchmaster.mega_torch":2,"stat.pickup.minecraft.gold_ingot":16,"stat.killEntity.Skeleton":48,"stat.pickup.minecraft.record_mall":1,"stat.craftItem.mysticalagriculture.ultimate_furnace":1,"stat.mineBlock.minecraft.cactus":1,"stat.craftItem.minecraft.skull":163,"stat.craftItem.mysticalagriculture.intermedium_ingot":15,"stat.killEntity.Chicken":3,"stat.craftItem.tp.ReinforcedGlass":42,"stat.killEntity.Spider":59,"stat.craftItem.exnihiloadscensio.hammerDiamond":18,"stat.pickup.exnihiloadscensio.blockDust":1178,"stat.pickup.minecraft.quartz":449,"stat.useItem.excompressum.wooden_crucible":6,"stat.craftItem.extrautils2.trashcan":1,"stat.pickup.mysticalagriculture.soulstone":15,"stat.craftItem.mysticalagriculture.mystical_tool_rod":1,"stat.drop.moreshears.stoneShears":1,"stat.pickup.chiselsandbits.bit_bag":1,"stat.mineBlock.minecraft.leaves":8764,"stat.mineBlock.tconstruct.seared":3,"stat.craftItem.mysticalagriculture.emerald_seeds":1,"stat.useItem.actuallyadditions.blockAtomicReconstructor":1,"stat.useItem.actuallyadditions.blockCoalGenerator":6,"stat.useItem.enderio.blockAlloySmelter":1,"stat.craftItem.minecraft.experience_bottle":2836,"stat.mineBlock.minecraft.stone":2,"stat.useItem.tconstruct.smeltery_controller":1,"stat.useItem.excompressum.auto_compressed_hammer":1,"stat.pickup.colossalchests.colossalChest":5}