{"stat.craftItem.minecraft.diamond_chestplate":2,"stat.pickup.tconstruct.shuriken":1,"stat.pickup.minecraft.wooden_slab":2,"stat.killEntity.headcrumbs.Human":1,"stat.craftItem.minecraft.diamond_leggings":2,"stat.pickup.betterbuilderswands.wandDiamond":1,"stat.leaveGame":1,"stat.mineBlock.colossalchests.chestWall":28,"stat.pickup.colossalchests.chestWall":47,"stat.pickup.actuallyadditions.itemCrafterOnAStick":1,"stat.craftItem.minecraft.diamond_helmet":2,"stat.craftItem.colossalchests.colossalChest":1,"stat.swimOneCm":1037,"stat.mineBlock.gravestone.gravestone":2,"stat.craftItem.exnihiloadscensio.itemOreGold":15,"stat.pickup.tconstruct.slimesling":2,"stat.useItem.colossalchests.chestWall":21,"stat.pickup.minecraft.bow":1,"achievement.exploreAllBiomes":{"value":0,"progress":["ForestHills","Forest"]},"stat.pickup.minecraft.iron_boots":2,"stat.pickup.minecraft.rotten_flesh":1,"stat.useItem.exnihiloadscensio.blockInfestedLeaves":2,"stat.useItem.tconstruct.lumberaxe":637,"stat.craftItem.moreshears.diamondShears":1,"stat.mineBlock.minecraft.wooden_slab":1,"stat.pickup.minecraft.leather_boots":1,"stat.flyOneCm":196604,"stat.drop.tconstruct.lumberaxe":1,"stat.craftItem.extrautils2.compresseddirt":1,"stat.timeSinceDeath":22945,"stat.pickup.integrateddynamics.on_the_dynamics_of_integration":1,"stat.useItem.minecraft.wooden_slab":9,"stat.furnaceInteraction":2,"stat.pickup.tconstruct.cleaver":1,"stat.pickup.minecraft.string":736,"stat.drop.exnihiloadscensio.blockInfestedLeaves":154,"stat.craftItem.excompressum.compressed_crook":3,"stat.useItem.moreshears.diamondShears":9,"stat.useItem.tconstruct.edible":1,"stat.pickup.minecraft.beef":1,"achievement.mineWood":287,"stat.pickup.minecraft.paper":2,"stat.sprintOneCm":234196,"stat.pickup.minecraft.skull":1,"achievement.openInventory":107,"stat.pickup.mysticalagriculture.diamond_essence":2,"stat.drop.minecraft.leaves":64,"stat.breakItem.minecraft.shears":2,"stat.deaths":3,"stat.drop":7,"stat.playOneMinute":200198,"stat.useItem.minecraft.shears":322,"stat.diveOneCm":16806,"stat.chestOpened":17,"stat.mineBlock.exnihiloadscensio.blockInfestedLeaves":1562,"stat.pickup.minecraft.arrow":1,"stat.breakItem.excompressum.compressed_crook":4,"stat.pickup.exnihiloadscensio.itemOreNickel":53,"stat.pickup.tconstruct.lumberaxe":1,"stat.jump":861,"stat.pickup.minecraft.coal":83,"stat.fallOneCm":20364,"stat.pickup.minecraft.iron_ingot":78,"stat.pickup.excompressum.compressed_crook":1,"stat.useItem.minecraft.stone_axe":28,"stat.pickup.minecraft.gunpowder":3,"stat.crouchOneCm":15154,"stat.craftItem.minecraft.diamond":50,"stat.craftItem.minecraft.iron_ingot":6,"stat.pickup.minecraft.dirt":11,"stat.entityKilledBy.headcrumbs.Human":1,"stat.useItem.ironchest.BlockIronChest":1,"stat.useItem.minecraft.sapling":92,"stat.pickup.minecraft.leaves":77,"stat.damageTaken":896,"stat.craftItem.exnihiloadscensio.crookWood":12,"stat.mineBlock.minecraft.torch":1,"stat.craftItem.colossalchests.chestWall":426,"stat.pickup.exnihiloadscensio.itemMaterial":51,"stat.pickup.ironchest.BlockIronChest":1,"stat.mineBlock.minecraft.sapling":4,"stat.useItem.excompressum.compressed_crook":1943,"stat.drop.tconstruct.slimesling":1,"stat.pickup.minecraft.dye":46,"stat.pickup.minecraft.iron_leggings":1,"stat.pickup.chesttransporter.chesttransporter_gold":1,"stat.pickup.exnihiloadscensio.itemOreIron":42,"stat.damageDealt":200,"stat.craftItem.minecraft.baked_potato":64,"stat.pickup.minecraft.flint_and_steel":1,"stat.pickup.tconstruct.pattern":1,"stat.walkOneCm":252761,"stat.useItem.minecraft.torch":2,"stat.useItem.minecraft.cobblestone":25,"ftbl.stat.last_seen":{"value":0,"progress":1590862388383},"stat.pickup.mysticalagriculture.inferium_essence":34,"stat.pickup.minecraft.log":624,"stat.craftItem.minecraft.diamond_boots":2,"stat.useItem.betterbuilderswands.wandDiamond":13,"stat.pickup.exnihiloadscensio.blockInfestedLeaves":229,"stat.craftItem.minecraft.gold_ingot":18,"stat.pickup.exnihiloadscensio.itemOreLead":61,"stat.pickup.minecraft.baked_potato":6,"stat.craftItem.ironchest.ironGoldUpgrade":2,"stat.pickup.minecraft.sapling":208,"stat.pickup.minecraft.apple":18,"stat.pickup.actuallyadditions.itemMisc":2,"stat.craftItem.minecraft.planks":1688,"stat.mobKills":1,"ftbl.stat.first_joined":{"value":0,"progress":1590853514804},"stat.mineBlock.minecraft.log":630,"stat.craftItem.minecraft.shears":3,"stat.drop.colossalchests.chestWall":64,"stat.pickup.minecraft.diamond":29,"stat.mineBlock.minecraft.leaves":1095,"stat.pickup.minecraft.torch":1,"stat.sneakTime":7539,"stat.useItem.minecraft.baked_potato":18,"stat.pickup.minecraft.stone_slab":64}