{"stat.pickup.actuallyadditions.itemDust":27,"stat.pickup.integrateddynamics.crystalizedMenrilChunk":13,"stat.pickup.minecraft.wooden_slab":77,"stat.leaveGame":3,"stat.mineBlock.colossalchests.chestWall":13,"stat.craftItem.minecraft.iron_axe":1,"stat.useItem.minecraft.soul_sand":3,"stat.pickup.mysticalagriculture.iron_essence":64,"stat.craftItem.excompressum.compressed_hammer_stone":2,"stat.mineBlock.extrautils2.compressedcobblestone":69,"stat.craftItem.minecraft.shield":1,"stat.useItem.minecraft.planks":212,"stat.pickup.minecraft.glowstone_dust":11,"stat.mineBlock.integrateddynamics.menrilPlanks":4,"stat.useItem.exnihiloadscensio.itemSeedPotato":5,"stat.pickup.minecraft.blaze_powder":12,"stat.pickup.tconstruct.slimesling":1,"stat.useItem.minecraft.water_bucket":44,"stat.drop.minecraft.poisonous_potato":1,"stat.pickup.minecraft.rotten_flesh":23,"stat.pickup.minecraft.sand":259,"stat.pickup.excompressum.compressed_block":4,"stat.craftItem.minecraft.stone_axe":1,"stat.pickup.minecraft.bucket":2,"stat.killEntity.Enderman":4,"stat.mineBlock.minecraft.wooden_slab":68,"stat.craftItem.minecraft.iron_shovel":1,"stat.mineBlock.minecraft.sand":29,"achievement.buildPickaxe":1,"stat.killEntity.Witch":1,"stat.drop.minecraft.sand":3,"stat.useItem.harvestcraft.donutItem":2,"stat.craftItem.excompressum.bait":15,"stat.mineBlock.minecraft.end_stone":4,"achievement.buildBetterPickaxe":1,"stat.mineBlock.integrateddynamics.menrilTorch":1,"stat.hopperInspected":1,"stat.drop.minecraft.diamond":18,"stat.useItem.minecraft.iron_pickaxe":186,"stat.drop.moarsigns.moar_sign":3,"stat.useItem.minecraft.iron_shovel":5,"stat.pickup.minecraft.armor_stand":1,"stat.craftItem.minecraft.glass_pane":32,"stat.furnaceInteraction":82,"stat.useItem.minecraft.nether_wart":3,"stat.pickup.chancecubes.chance_Cube":1,"stat.craftItem.exnihiloadscensio.itemOreIron":11,"stat.drop.minecraft.stone_slab":1,"stat.craftItem.excompressum.compressed_crook":3,"stat.pickup.minecraft.beef":3,"stat.useItem.minecraft.cooked_mutton":1,"stat.pickup.minecraft.furnace":5,"achievement.mineWood":88,"stat.pickup.minecraft.leather_helmet":1,"stat.pickup.minecraft.skull":3,"stat.craftItem.excompressum.compressed_hammer_iron":1,"achievement.openInventory":410,"stat.mineBlock.snad.snad":1,"stat.craftItem.moarsigns.moar_sign":3,"stat.craftItem.chisel.chisel_diamond":1,"stat.pickup.minecraft.emerald":4,"stat.drop.actuallyadditions.itemMisc":2,"stat.useItem.integrateddynamics.menrilSapling":1,"stat.useItem.minecraft.dye":11,"stat.drop.integrateddynamics.crystalizedMenrilChunk":6,"stat.craftItem.stevescarts.CartModule":1,"stat.playOneMinute":410670,"stat.craftItem.minecraft.iron_pickaxe":1,"stat.craftItem.minecraft.cooked_mutton":1,"stat.pickup.integrateddynamics.menrilPlanks":4,"stat.chestOpened":128,"stat.pickup.minecraft.arrow":19,"stat.craftItem.stevescarts.ModuleComponents":2,"stat.useItem.snad.snad":5,"stat.pickup.exnihiloadscensio.itemOreNickel":16,"stat.pickup.tconstruct.lumberaxe":1,"stat.pickup.minecraft.cooked_chicken":1,"stat.useItem.minecraft.experience_bottle":1249,"stat.fallOneCm":61602,"stat.pickup.minecraft.carrot":69,"stat.crouchOneCm":27008,"stat.craftItem.minecraft.iron_ingot":18,"stat.craftItem.minecraft.chest":13,"stat.pickup.mysticalagriculture.prosperity_shard":20,"stat.mineBlock.integrateddynamics.menrilLog":31,"stat.useItem.minecraft.reeds":3,"stat.pickup.exnihiloadscensio.itemMaterial":43,"stat.useItem.minecraft.furnace":5,"stat.craftItem.betterbuilderswands.wandDiamond":1,"stat.useItem.excompressum.compressed_crook":674,"stat.pickup.minecraft.dye":104,"stat.pickup.minecraft.planks":9,"stat.craftItem.exnihiloadscensio.hammerIron":9,"stat.pickup.minecraft.iron_leggings":1,"stat.pickup.chisel.cobblestone":52,"stat.mineBlock.minecraft.gravel":66,"stat.useItem.minecraft.stone_pickaxe":19,"stat.craftItem.minecraft.iron_leggings":1,"stat.mineBlock.minecraft.dirt":1,"stat.craftItem.integrateddynamics.menrilPlanks":4,"stat.pickup.minecraft.poisonous_potato":1,"stat.drop.minecraft.iron_axe":1,"stat.useItem.minecraft.torch":162,"stat.drop.minecraft.rotten_flesh":2,"stat.useItem.minecraft.log":113,"stat.useItem.minecraft.cobblestone":89,"stat.craftItem.extrautils2.compressedgravel":71,"stat.craftItem.minecraft.crafting_table":2,"stat.useItem.minecraft.gravel":66,"stat.pickup.excompressum.bait":9,"stat.pickup.minecraft.log":99,"stat.drop.minecraft.carrot":10,"stat.pickup.exnihiloadscensio.itemOreLead":18,"stat.pickup.minecraft.web":1,"stat.drop.minecraft.sapling":3,"stat.pickup.minecraft.sapling":149,"stat.pickup.minecraft.wooden_door":1,"stat.craftItem.integrateddynamics.menrilTorch":16,"stat.pickup.minecraft.apple":20,"stat.drop.minecraft.clay":1,"stat.useItem.minecraft.glass_pane":14,"stat.pickup.integrateddynamics.menrilLog":34,"stat.pickup.minecraft.beetroot":11,"stat.pickup.actuallyadditions.itemMisc":17,"stat.craftItem.minecraft.planks":488,"stat.itemEnchanted":8,"stat.useItem.integrateddynamics.menrilLog":4,"ftbl.stat.first_joined":{"value":0,"progress":1590087435707},"stat.mineBlock.minecraft.log":95,"stat.craftItem.minecraft.wooden_door":6,"stat.pickup.integrateddynamics.menrilBerries":20,"stat.craftItem.minecraft.cooked_chicken":1,"stat.useItem.minecraft.stone_hoe":40,"stat.useItem.integrateddynamics.menrilBerries":1,"stat.useItem.minecraft.wooden_door":7,"stat.drop.colossalchests.chestWall":7,"stat.useItem.minecraft.beetroot_seeds":10,"stat.sneakTime":9751,"stat.pickup.minecraft.wool":1,"stat.drop.minecraft.bucket":1,"stat.useItem.minecraft.baked_potato":58,"stat.mineBlock.extrautils2.compressedgravel":22,"stat.pickup.minecraft.stone_slab":9,"stat.mineBlock.integrateddynamics.menrilLogFilled":3,"stat.useItem.excompressum.compressed_hammer_iron":139,"stat.useItem.minecraft.beetroot":2,"stat.pickup.actuallyadditions.itemSwordEmerald":1,"stat.useItem.minecraft.web":1,"stat.craftItem.minecraft.diamond_chestplate":1,"stat.pickup.minecraft.bone":13,"stat.killEntity.headcrumbs.Human":6,"stat.useItem.minecraft.iron_axe":74,"stat.mineBlock.minecraft.cobblestone":198,"stat.useItem.minecraft.skull":3,"stat.useItem.integrateddynamics.menrilTorch":17,"stat.pickup.colossalchests.chestWall":59,"stat.craftItem.minecraft.diamond_helmet":1,"stat.craftItem.extrautils2.compressedcobblestone":69,"stat.swimOneCm":7711,"stat.pickup.minecraft.enchanted_book":1,"achievement.buildWorkBench":3,"stat.pickup.lootbags.itemlootbag":8,"stat.useItem.minecraft.dirt":42,"achievement.exploreAllBiomes":{"value":0,"progress":["ForestHills","Forest","Hell"]},"stat.pickup.minecraft.iron_boots":1,"stat.pickup.integrateddynamics.menrilTorch":1,"stat.mineBlock.chisel.cobblestone":53,"stat.mineBlock.colossalchests.colossalChest":1,"stat.useItem.tconstruct.lumberaxe":87,"stat.useItem.minecraft.egg":1,"stat.craftItem.minecraft.iron_boots":1,"stat.breakItem.excompressum.compressed_hammer_wood":1,"stat.craftItem.minecraft.stone_pickaxe":1,"stat.pickup.minecraft.cobblestone":485,"stat.pickup.minecraft.diamond_leggings":1,"stat.flyOneCm":771213,"stat.useItem.chisel.cobblestone":376,"stat.pickup.minecraft.soul_sand":5,"stat.useItem.extrautils2.compressedgravel":22,"stat.craftItem.minecraft.wooden_slab":168,"stat.pickup.extrautils2.compressedgravel":7,"stat.pickup.minecraft.redstone":2,"stat.timeSinceDeath":410670,"stat.pickup.integrateddynamics.on_the_dynamics_of_integration":1,"stat.useItem.minecraft.wooden_slab":127,"stat.drop.minecraft.coal":6,"stat.mineBlock.excompressum.bait":9,"stat.craftItem.exnihiloadscensio.hammerWood":9,"stat.pickup.exnihiloadscensio.itemOreGold":97,"stat.useItem.minecraft.potato":12,"stat.pickup.minecraft.nether_wart":1,"stat.pickup.integrateddynamics.menrilSapling":1,"stat.pickup.minecraft.shield":1,"stat.killEntity.Creeper":9,"stat.useItem.minecraft.armor_stand":2,"stat.craftItem.minecraft.stone_hoe":1,"stat.drop.minecraft.baked_potato":28,"stat.pickup.minecraft.string":9,"stat.craftItem.excompressum.compressed_hammer_wood":1,"stat.useItem.tconstruct.edible":2,"stat.craftItem.tconstruct.tooltables":2,"stat.sprintOneCm":679742,"stat.mineBlock.minecraft.stone_slab":6,"stat.craftItem.minecraft.stick":124,"stat.useItem.minecraft.stone_slab":12,"stat.useItem.minecraft.bed":3,"stat.craftItem.minecraft.armor_stand":1,"integrateddynamics.meneglinDiscovery":34,"stat.drop.minecraft.leaves":1,"stat.craftItem.betterbuilderswands.wandIron":1,"stat.useItem.minecraft.carrot":20,"stat.useItem.excompressum.compressed_hammer_stone":49,"stat.mineBlock.integrateddynamics.menrilLeaves":66,"stat.mineBlock.minecraft.planks":8,"stat.drop":115,"stat.craftItem.ironchest.woodIronUpgrade":4,"stat.useItem.exnihiloadscensio.itemSeedJungle":1,"stat.killEntity.Zombie":18,"stat.craftItem.minecraft.diamond_axe":1,"stat.diveOneCm":302,"stat.useItem.exnihiloadscensio.itemMaterial":1,"stat.craftItem.exnihiloadscensio.hammerStone":9,"stat.useItem.excompressum.bait":17,"stat.pickup.minecraft.gravel":689,"stat.mineBlock.exnihiloadscensio.blockInfestedLeaves":2,"stat.useItem.extrautils2.compressedcobblestone":69,"stat.useItem.minecraft.diamond_axe":14,"stat.useItem.minecraft.apple":15,"stat.pickup.minecraft.obsidian":2,"stat.drop.minecraft.apple":5,"stat.drop.minecraft.sponge":5,"stat.jump":2871,"stat.useItem.minecraft.sand":29,"stat.pickup.minecraft.coal":103,"stat.useItem.actuallyadditions.itemCanolaSeed":6,"stat.useItem.tconstruct.tooltables":2,"stat.pickup.minecraft.iron_ingot":65,"stat.useItem.minecraft.stone_axe":66,"stat.pickup.minecraft.gunpowder":23,"stat.craftItem.minecraft.torch":116,"stat.pickup.minecraft.dirt":39,"stat.craftItem.minecraft.iron_helmet":1,"stat.pickup.minecraft.experience_bottle":937,"stat.useItem.integrateddynamics.menrilPlanks":4,"stat.useItem.minecraft.cooked_chicken":1,"stat.pickup.actuallyadditions.itemCanolaSeed":4,"stat.useItem.minecraft.sapling":10,"stat.pickup.minecraft.leaves":44,"stat.damageTaken":1082,"stat.pickup.minecraft.leather":2,"stat.craftItem.exnihiloadscensio.crookWood":11,"stat.mineBlock.minecraft.torch":27,"stat.mineBlock.minecraft.furnace":5,"stat.mineBlock.minecraft.mycelium":4,"stat.drop.tconstruct.slimesling":1,"stat.pickup.minecraft.reeds":4,"stat.pickup.minecraft.bed":3,"stat.pickup.exnihiloadscensio.itemOreIron":41,"stat.useItem.actuallyadditions.itemSwordEmerald":120,"stat.pickup.minecraft.potato":32,"stat.craftItem.extrautils2.compressedsand":18,"stat.drop.chiselsandbits.bit_bag":2,"stat.damageDealt":8346,"stat.craftItem.minecraft.glass":12,"stat.pickup.snad.snad":5,"stat.drop.stevescarts.CartModule":5,"stat.craftItem.minecraft.bowl":4,"stat.craftItem.minecraft.baked_potato":352,"stat.killEntity.Cow":1,"stat.craftItem.minecraft.stone_slab":132,"stat.walkOneCm":767833,"stat.craftItem.excompressum.compressed_block":19,"stat.useItem.minecraft.chest":13,"stat.useItem.minecraft.lava_bucket":1,"ftbl.stat.last_seen":{"value":0,"progress":1590868781378},"stat.pickup.mysticalagriculture.inferium_essence":6,"stat.useItem.betterbuilderswands.wandDiamond":18,"stat.craftItem.minecraft.diamond_boots":1,"stat.craftItem.minecraft.iron_chestplate":1,"stat.mineBlock.minecraft.wool":1,"stat.drop.minecraft.diamond_leggings":1,"stat.pickup.bigreactors.dustmetals":14,"stat.pickup.minecraft.ender_pearl":1,"stat.killEntity.Skeleton":7,"stat.useItem.excompressum.compressed_hammer_wood":61,"stat.killEntity.Spider":9,"stat.pickup.exnihiloadscensio.blockDust":29,"stat.mobKills":59,"stat.pickup.stevescarts.CartModule":4,"stat.pickup.minecraft.diamond":25,"stat.pickup.chiselsandbits.bit_bag":3,"stat.mineBlock.minecraft.leaves":629,"stat.pickup.minecraft.beetroot_seeds":13,"stat.pickup.minecraft.torch":56,"stat.drop.minecraft.arrow":2,"stat.craftItem.minecraft.experience_bottle":312,"stat.useItem.betterbuilderswands.wandIron":40}