{"stat.useItem.minecraft.bow":1,"stat.pickup.actuallyadditions.itemDust":3,"stat.pickup.betterbuilderswands.wandDiamond":5,"stat.craftItem.mysticalagriculture.infusion_crystal":4,"stat.drop.mysticalagriculture.inferium_essence":128,"stat.craftItem.excompressum.compressed_hammer_stone":5,"stat.craftItem.chesttransporter.chesttransporter_iron":3,"stat.useItem.immersiveengineering.metalDevice1":3,"stat.mineBlock.minecraft.web":1,"stat.useItem.immersiveengineering.metalDevice0":8,"stat.useItem.extrautils2.goldenlasso":22,"stat.craftItem.extrautils2.endershard":8,"stat.pickup.minecraft.rotten_flesh":306,"stat.pickup.excompressum.compressed_block":1,"stat.craftItem.minecraft.stone_axe":1,"stat.pickup.minecraft.bucket":3,"achievement.botania:flowerPickup":46,"stat.useItem.botania.flower":1,"stat.killEntity.Enderman":13,"stat.useItem.minecraft.anvil":1,"stat.craftItem.minecraft.iron_shovel":1,"achievement.buildPickaxe":6,"stat.craftItem.excompressum.compressed_hammer_diamond":2,"stat.craftItem.excompressum.bait":22,"stat.mineBlock.minecraft.end_stone":122,"stat.pickup.excompressum.heavy_sieve":1,"stat.pickup.exnihiloadscensio.itemSeedAcacia":11,"stat.craftItem.minecraft.glass_pane":16,"stat.furnaceInteraction":486,"stat.pickup.headcrumbs.skull":9,"stat.pickup.mysticalagriculture.soulium_ingot_block":1,"stat.craftItem.mysticalagriculture.intermedium_block":1,"stat.pickup.minecraft.sponge":5,"stat.useItem.minecraft.end_stone":126,"stat.drop.exnihiloadscensio.itemDoll":3,"stat.craftItem.mysticalagriculture.tier3_crafting_seed":4,"stat.pickup.mysticalagriculture.tier1_inferium_seeds":64,"stat.craftItem.botania.fertilizer":28,"stat.craftItem.botania.pestleAndMortar":1,"stat.craftItem.mysticalagriculture.tier4_crafting_seed":3,"stat.useItem.minecraft.flint_and_steel":3,"stat.craftItem.mysticalagriculture.prudentium_furnace":1,"stat.pickup.minecraft.emerald":8,"stat.craftItem.mysticalagriculture.mystical_machine_frame":4,"stat.drop.integrateddynamics.crystalizedMenrilChunk":6,"stat.deaths":10,"stat.useItem.tconstruct.smeltery_io":2,"stat.craftItem.enderio.itemMaterial":24,"stat.craftItem.mysticalagriculture.tier5_crafting_seed":2,"stat.chestOpened":875,"stat.useItem.moarsigns.moar_sign":1,"stat.useItem.snad.snad":5,"stat.pickup.minecraft.chorus_flower":1,"stat.craftItem.minecraft.coal":1910,"stat.pickup.exnihiloadscensio.itemOreNickel":256,"stat.pickup.minecraft.carrot":13,"stat.crouchOneCm":206023,"stat.craftItem.minecraft.diamond":150,"stat.craftItem.minecraft.iron_ingot":999,"stat.pickup.mysticalagriculture.coal_essence":177,"stat.craftingTableInteraction":6,"stat.craftItem.enderio.blockSagMill":1,"stat.craftItem.tconstruct.pattern":517,"stat.pickup.exnihiloadscensio.itemMaterial":435,"stat.craftItem.betterbuilderswands.wandDiamond":4,"stat.pickup.mysticalagriculture.intermedium_essence":1,"stat.pickup.minecraft.dye":625,"stat.pickup.minecraft.planks":33,"stat.craftItem.tconstruct.slime_congealed":2,"stat.drop.minecraft.soul_sand":2,"stat.craftItem.extrautils2.pipe":32,"stat.pickup.exnihiloadscensio.itemSeedPotato":8,"stat.craftItem.immersiveengineering.sheetmetal":45,"stat.pickup.tconstruct.pattern":10,"stat.drop.minecraft.rotten_flesh":115,"stat.craftItem.enderio.itemMachinePart":2,"stat.pickup.refinedstorage.processor":3,"stat.pickup.exnihiloadscensio.itemOreLead":235,"stat.drop.minecraft.sapling":25,"stat.pickup.minecraft.chicken":4,"stat.craftItem.draconicevolution.draconium_ingot":92,"stat.pickup.minecraft.end_stone":49,"stat.craftItem.enderio.blockCapBank":1,"stat.craftItem.minecraft.bucket":6,"stat.craftItem.minecraft.planks":4038,"stat.pickup.mysticalagriculture.supremium_ingot":10,"stat.pickup.torchmaster.mega_torch":1,"stat.pickup.minecraft.book":54,"stat.craftItem.minecraft.wooden_door":3,"stat.craftItem.exnihiloadscensio.itemMaterial":68,"stat.pickup.extrautils2.pipe":23,"stat.craftItem.minecraft.cobblestone":496,"draconicevolution.dust":17,"stat.craftItem.mysticalagriculture.wither_skeleton_seeds":1,"stat.drop.exnihiloadscensio.itemMesh":2,"stat.useItem.mysticalagriculture.soulium_ingot_block":1,"stat.mineBlock.minecraft.cobblestone":221,"stat.pickup.minecraft.stone_pickaxe":1,"stat.pickup.minecraft.flint":7,"stat.useItem.enderio.blockCapBank":1,"stat.drop.minecraft.cobblestone":266,"stat.useItem.exnihiloadscensio.crookWood":63,"stat.craftItem.mysticalagriculture.experience_seeds":1,"stat.useItem.colossalchests.chestWall":316,"stat.pickup.minecraft.iron_boots":3,"stat.craftItem.minecraft.furnace":25,"stat.craftItem.minecraft.lapis_block":7,"stat.mineBlock.mysticalagriculture.soulium_ingot_block":1,"stat.pickup.tp.cobblegen_block":2,"stat.craftItem.minecraft.iron_boots":3,"stat.mineBlock.minecraft.clay":17,"stat.pickup.mysticalagriculture.prudentium_essence":13,"stat.pickup.minecraft.diamond_leggings":3,"stat.craftItem.actuallyadditions.itemMisc":30,"stat.craftItem.mysticalagriculture.soul_dust":56,"stat.useItem.minecraft.wooden_slab":86,"stat.craftItem.minecraft.iron_block":16,"stat.craftItem.exnihiloadscensio.hammerWood":3,"stat.pickup.exnihiloadscensio.itemOreGold":714,"stat.craftItem.excompressum.auto_compressed_hammer":1,"stat.killEntity.Creeper":61,"stat.craftItem.mysticalagriculture.master_infusion_crystal":1,"achievement.buildSword":22,"stat.killEntity.Squid":1,"stat.sprintOneCm":3174169,"stat.mineBlock.minecraft.stone_slab":112,"stat.pickup.mysticalagriculture.wither_skeleton_chunk":5,"stat.craftItem.notenoughwands.wandcore":2,"stat.craftItem.mysticalagriculture.coal_seeds":1,"stat.craftItem.mysticalagriculture.supremium_chestplate":1,"stat.useItem.minecraft.snowball":1,"stat.drop.tconstruct.cleaver":2,"stat.craftItem.mysticalagriculture.soulium_ingot":11,"stat.craftItem.mysticalagriculture.tier4_inferium_seeds":1,"stat.pickup.minecraft.sugar":1,"stat.pickup.colossalchests.uncolossalChest":2,"stat.useItem.minecraft.cake":1,"stat.craftItem.excompressum.wooden_crucible":6,"stat.craftItem.minecraft.emerald":106,"stat.mineBlock.extrautils2.compressedsand":157,"stat.pickup.mysticalagriculture.tier5_inferium_seeds":1,"stat.killEntity.Zombie":89,"stat.craftItem.minecraft.dye":341,"stat.pickup.enderio.blockEndermanSkull":2,"stat.craftItem.harvestcraft.epicbaconItem":3,"stat.craftItem.minecraft.diamond_axe":1,"stat.pickup.minecraft.wheat":76,"stat.craftItem.mysticalagriculture.tier2_crafting_seed":6,"stat.pickup.exnihiloadscensio.itemSeedJungle":7,"stat.craftItem.minecraft.cooked_porkchop":5,"stat.drop.lootbags.itemlootbag":1,"stat.pickup.minecraft.obsidian":6,"stat.pickup.exnihiloadscensio.itemPebble":897,"stat.pickup.minecraft.coal":761,"stat.pickup.minecraft.iron_ingot":111,"stat.craftItem.minecraft.lever":3,"stat.useItem.exnihiloadscensio.itemSeedSugarcane":4,"stat.drop.minecraft.diamond_sword":2,"stat.pickup.minecraft.gunpowder":270,"stat.pickup.minecraft.dirt":362,"stat.useItem.ironchest.BlockIronChest":29,"stat.pickup.exnihiloadscensio.itemSeedSugarcane":11,"stat.pickup.minecraft.cookie":1,"stat.craftItem.extrautils2.goldenlasso":3,"stat.craftItem.mysticalagriculture.redstone_seeds":1,"stat.mineBlock.minecraft.torch":64,"stat.mineBlock.minecraft.red_flower":4,"stat.craftItem.minecraft.glowstone":5,"stat.craftItem.mysticalagriculture.intermedium_furnace":1,"stat.pickup.chesttransporter.chesttransporter_gold":1,"stat.craftItem.extrautils2.compressedsand":348,"stat.craftItem.exnihiloadscensio.blockSieve":1,"stat.useItem.excompressum.compressed_hammer_diamond":919,"stat.craftItem.tconstruct.smeltery_io":2,"stat.pickup.mysticalagriculture.zombie_chunk":11,"stat.pickup.minecraft.diamond_pickaxe":3,"stat.useItem.minecraft.lava_bucket":3,"stat.craftItem.mysticalagriculture.tier3_inferium_seeds":1,"stat.pickup.bigreactors.dustmetals":220,"stat.craftItem.mysticalagriculture.nether_seeds":1,"stat.pickup.actuallyadditions.itemCoffeeSeed":5,"stat.mineBlock.immersiveengineering.metalDevice1":1,"stat.mobKills":487,"stat.pickup.minecraft.diamond_boots":2,"stat.mineBlock.minecraft.bookshelf":12,"stat.pickup.actuallyadditions.blockCoalGenerator":1,"stat.pickup.minecraft.diamond":68,"stat.pickup.minecraft.beetroot_seeds":6,"achievement.bookcase":97,"stat.useItem.betterbuilderswands.wandUnbreakable":33,"stat.useItem.tconstruct.toolforge":1,"stat.useItem.colossalchests.colossalChest":11,"stat.craftItem.immersiveengineering.treatedWood":8,"stat.pickup.tconstruct.shuriken":2,"stat.pickup.mysticalagriculture.skeleton_chunk":8,"stat.useItem.minecraft.bookshelf":49,"stat.pickup.enderio.itemPowerConduit":6,"stat.useItem.minecraft.soul_sand":81,"stat.killEntity.Blaze":5,"stat.pickup.tp.QuartzDust":31,"stat.craftItem.colossalchests.colossalChest":3,"stat.pickup.minecraft.glowstone_dust":74,"stat.pickup.mysticalagriculture.superium_ingot":20,"stat.useItem.exnihiloadscensio.blockInfestedLeaves":4,"stat.breakItem.exnihiloadscensio.hammerWood":2,"stat.craftItem.moreshears.diamondShears":1,"stat.craftItem.tconstruct.casting":2,"stat.useItem.exnihiloadscensio.blockCrucible":3,"stat.mineBlock.minecraft.sand":50,"stat.drop.tconstruct.lumberaxe":3,"stat.craftItem.mysticalagriculture.inferium_armor_core":4,"stat.pickup.actuallyadditions.itemFlaxSeed":5,"stat.hopperInspected":4,"stat.pickup.darkutils.shulker_pearl":15,"stat.useItem.exnihiloadscensio.itemSeedCarrot":12,"stat.craftItem.mysticalagriculture.base_crafting_seed":8,"stat.useItem.excompressum.heavy_sieve":2,"stat.pickup.minecraft.ghast_tear":8,"stat.mineBlock.mysticalagriculture.soulstone":13,"stat.craftItem.mysticalagriculture.witherproof_block":308,"stat.pickup.tconstruct.cleaver":1,"stat.craftItem.exnihiloadscensio.itemOreIron":179,"stat.craftItem.exnihiloadscensio.itemOreSilver":16,"stat.useItem.extrautils2.pipe":38,"stat.pickup.extrautils2.compressedsand":5,"stat.useItem.botania.petal":55,"stat.useItem.draconicevolution.crafting_pedestal":8,"stat.pickup.minecraft.pumpkin_seeds":3,"stat.pickup.tconstruct.slime_dirt":1,"stat.craftItem.immersiveengineering.material":3,"stat.mineBlock.minecraft.soul_sand":17,"stat.pickup.minecraft.blaze_rod":10,"stat.pickup.draconicevolution.fusion_crafting_core":1,"stat.craftItem.mysticalagriculture.soulium_dust":11,"stat.craftItem.minecraft.diamond_block":5,"stat.craftItem.mysticalagriculture.supremium_helmet":1,"stat.pickup.minecraft.netherrack":12,"stat.pickup.exnihiloadscensio.itemMesh":22,"stat.pickup.moarsigns.moar_sign":3,"stat.drop.mysticalagriculture.prosperity_shard":14,"stat.breakItem.excompressum.compressed_crook":9,"stat.craftItem.minecraft.flint":38,"stat.useItem.minecraft.experience_bottle":1843,"stat.drop.minecraft.stone":5,"stat.useItem.extrautils2.trashcan":1,"stat.pickup.excompressum.compressed_crook":4,"stat.pickup.minecraft.melon_seeds":8,"stat.craftItem.tconstruct.toolforge":1,"stat.entityKilledBy.headcrumbs.Human":1,"stat.pickup.mysticalagriculture.prosperity_shard":326,"stat.craftItem.tp.CharcoalBlock":49,"stat.useItem.minecraft.furnace":17,"stat.pickup.exnihiloadscensio.itemSeedDarkOak":10,"stat.craftItem.tconstruct.materials":336,"stat.useItem.excompressum.compressed_crook":7866,"stat.craftItem.moreshears.stoneShears":19,"stat.craftItem.extrautils2.ingredients":2,"stat.pickup.minecraft.iron_leggings":1,"stat.drop.snad.snad":5,"stat.mineBlock.randomthings.rainShield":1,"stat.mineBlock.minecraft.gravel":148,"stat.pickup.mysticalagriculture.intermedium_furnace":2,"stat.useItem.minecraft.wool":2,"stat.craftItem.mysticalagriculture.superium_essence":862,"stat.useItem.minecraft.torch":232,"stat.pickup.minecraft.golden_apple":1,"stat.craftItem.minecraft.redstone_block":8,"stat.craftItem.mysticalagriculture.iron_seeds":1,"stat.pickup.minecraft.crafting_table":2,"stat.useItem.minecraft.log":53,"stat.craftItem.minecraft.crafting_table":5,"stat.pickup.excompressum.bait":15,"stat.pickup.extrautils2.grocket":13,"stat.craftItem.mysticalagriculture.inferium_ingot":36,"stat.useItem.mysticalagriculture.soulium_dagger":404,"stat.pickup.exnihiloadscensio.blockInfestedLeaves":90,"stat.pickup.minecraft.web":41,"stat.pickup.minecraft.sapling":1614,"stat.pickup.exnihiloadscensio.itemOreCopper":109,"stat.drop.mysticalagriculture.tier2_crafting_seed":1,"stat.drop.minecraft.bow":1,"stat.pickup.withercrumbs.crumb_star":15,"stat.pickup.actuallyadditions.itemMisc":5,"stat.craftItem.minecraft.end_stone":80,"stat.drop.immersiveengineering.material":1,"stat.craftItem.enderio.blockAlloySmelter":1,"stat.mineBlock.exnihiloadscensio.blockDust":1,"ftbl.stat.first_joined":{"value":0,"progress":1590002759982},"stat.pickup.mysticalagriculture.coal_seeds":102,"stat.mineBlock.mysticalagriculture.intermedium_furnace":2,"stat.drop.minecraft.bucket":2,"stat.mineBlock.extrautils2.compressedgravel":341,"stat.useItem.minecraft.baked_potato":320,"stat.pickup.minecraft.stone_slab":160,"stat.pickup.actuallyadditions.itemRiceSeed":3,"stat.pickup.minecraft.yellow_flower":3,"stat.drop.minecraft.stone_pickaxe":1,"stat.craftItem.minecraft.diamond_chestplate":1,"stat.craftItem.exnihiloadscensio.itemDoll":7,"stat.pickup.minecraft.bone":144,"stat.craftItem.mysticalagriculture.prudentium_block":1,"stat.craftItem.ceramics.unfired_clay":3,"stat.pickup.minecraft.redstone_torch":1,"stat.craftItem.betterbuilderswands.wandUnbreakable":1,"stat.useItem.minecraft.diamond_sword":1038,"stat.craftItem.minecraft.diamond_helmet":2,"stat.craftItem.extrautils2.glasscutter":1,"stat.pickup.randomthings.rainShield":1,"stat.climbOneCm":28,"stat.craftItem.mysticalagriculture.intermedium_essence":3006,"stat.craftItem.minecraft.gold_block":4,"stat.pickup.lootbags.itemlootbag":23,"stat.craftItem.actuallyadditions.itemBootsEmerald":1,"stat.pickup.minecraft.golden_helmet":1,"stat.drop.immersiveengineering.metalDecoration2":1,"stat.useItem.tconstruct.lumberaxe":2375,"stat.craftItem.mysticalagriculture.prudentium_ingot":31,"stat.craftItem.minecraft.stone_pickaxe":2,"stat.pickup.mysticalagriculture.infusion_crystal":3,"stat.pickup.minecraft.cobblestone":610,"stat.pickup.exnihiloadscensio.itemDoll":3,"stat.craftItem.mysticalagriculture.soulstone":445,"stat.pickup.minecraft.soul_sand":61,"stat.pickup.mysticalagriculture.base_crafting_seed":1,"stat.craftItem.extrautils2.compresseddirt":11,"stat.pickup.minecraft.cactus":13,"stat.pickup.minecraft.redstone":71,"stat.craftItem.minecraft.book":148,"stat.drop.exnihiloadscensio.itemMaterial":29,"stat.pickup.integrateddynamics.on_the_dynamics_of_integration":3,"stat.pickup.minecraft.cake":1,"draconicevolution.core2":1,"stat.drop.minecraft.iron_bars":8,"stat.drop.minecraft.dirt":3,"stat.useItem.minecraft.cooked_porkchop":1,"stat.pickup.integrateddynamics.menrilSapling":8,"stat.craftItem.tconstruct.soil":336,"stat.pickup.exnihiloadscensio.itemOreSilver":49,"stat.pickup.mysticalagriculture.wither_skeleton_seeds":47,"stat.craftItem.tconstruct.slime_boots":1,"stat.pickup.botania.petal":1,"stat.pickup.minecraft.nether_star":17,"stat.craftItem.minecraft.stick":844,"stat.craftItem.mysticalagriculture.inferium_block":1,"stat.pickup.actuallyadditions.itemPickaxeCrystalBlack":2,"draconicevolution.core":11,"stat.craftItem.minecraft.gold_nugget":180,"stat.drop.minecraft.leaves":31,"stat.useItem.excompressum.compressed_hammer_stone":527,"stat.pickup.minecraft.diamond_chestplate":2,"stat.pickup.botania.flower":46,"stat.breakItem.minecraft.shears":2,"stat.mineBlock.minecraft.planks":37,"stat.useItem.extrautils2.compressedsand":166,"stat.drop":109,"stat.pickup.draconicevolution.draconic_core":5,"stat.killEntity.Sheep":8,"stat.useItem.tconstruct.seared":35,"stat.pickup.enderio.itemMaterial":4,"stat.craftItem.minecraft.piston":1,"stat.useItem.exnihiloadscensio.itemMaterial":15,"stat.useItem.mysticalagriculture.ultimate_furnace":1,"stat.useItem.minecraft.apple":108,"draconicevolution.ingot":5,"stat.useItem.minecraft.stone_axe":87,"stat.pickup.exnihiloadscensio.itemOreAluminium":53,"stat.killEntity.Rooster":3,"stat.craftItem.minecraft.iron_helmet":4,"stat.drop.minecraft.glass":17,"stat.craftItem.minecraft.flint_and_steel":1,"stat.mineBlock.tconstruct.tooltables":1,"stat.craftItem.minecraft.iron_bars":16,"stat.mineBlock.minecraft.furnace":2,"stat.drop.minecraft.water_bucket":1,"stat.killEntity.CaveSpider":7,"stat.craftItem.minecraft.netherbrick":32,"stat.damageDealt":131965,"stat.pickup.snad.snad":2,"stat.craftItem.minecraft.bowl":4,"stat.craftItem.minecraft.anvil":1,"stat.useItem.minecraft.crafting_table":2,"stat.craftItem.minecraft.gravel":27,"stat.pickup.botania.doubleFlower2":21,"stat.craftItem.mysticalagriculture.nether_cluster":4,"stat.pickup.botania.doubleFlower1":34,"stat.craftItem.immersiveengineering.storage":2,"stat.craftItem.enderio.itemBasicCapacitor":8,"stat.pickup.minecraft.stick":37,"achievement.enchantments":2,"stat.breakItem.minecraft.stone_pickaxe":1,"ftbl.stat.last_seen":{"value":0,"progress":1591284991631},"stat.craftItem.minecraft.diamond_boots":1,"stat.pickup.mysticalagriculture.spider_chunk":2,"stat.craftItem.minecraft.redstone":491,"stat.craftItem.ironchest.ironGoldUpgrade":19,"stat.useItem.torchmaster.mega_torch":2,"stat.craftItem.mysticalagriculture.ultimate_furnace":1,"stat.killEntity.Chicken":3,"stat.craftItem.exnihiloadscensio.blockDust":9,"stat.craftItem.mysticalagriculture.mystical_tool_rod":1,"stat.drop.moreshears.stoneShears":1,"stat.pickup.chiselsandbits.bit_bag":1,"stat.mineBlock.minecraft.leaves":10721,"stat.mineBlock.tconstruct.seared":3,"stat.craftItem.mysticalagriculture.emerald_seeds":1,"stat.useItem.enderio.blockAlloySmelter":1,"stat.craftItem.minecraft.experience_bottle":3604,"stat.pickup.colossalchests.colossalChest":9,"stat.pickup.minecraft.wooden_slab":34,"stat.drop.excompressum.compressed_hammer_stone":2,"stat.pickup.draconicevolution.draconium_dust":38,"stat.leaveGame":10,"stat.mineBlock.colossalchests.chestWall":461,"stat.drop.mysticalagriculture.infusion_crystal":2,"stat.craftItem.minecraft.shield":1,"stat.pickup.mysticalagriculture.experience_essence":103,"stat.mineBlock.gravestone.gravestone":10,"stat.useItem.tp.ReinforcedGlass":36,"stat.craftItem.exnihiloadscensio.itemOreGold":141,"stat.craftItem.mysticalagriculture.supremium_ingot":31,"stat.craftItem.mysticalagriculture.soulium_ingot_block":1,"stat.mineBlock.minecraft.wooden_slab":32,"stat.killEntity.Witch":3,"stat.craftItem.exnihiloadscensio.blockBarrel1":1,"stat.craftItem.exnihiloadscensio.blockBarrel0":15,"stat.drop.minecraft.sand":109,"stat.craftItem.mysticalagriculture.inferium_essence":272,"stat.craftItem.actuallyadditions.blockAtomicReconstructor":1,"stat.pickup.extrautils2.endershard":1,"stat.useItem.minecraft.iron_shovel":6,"stat.craftItem.minecraft.bed":3,"stat.pickup.extrautils2.chickenring":2,"stat.mineBlock.minecraft.hopper":1,"stat.craftItem.tp.iron_cobblegen_block":1,"stat.mineBlock.botania.flower":46,"stat.craftItem.exnihiloadscensio.itemMesh":7,"stat.craftItem.excompressum.compressed_crook":14,"stat.useItem.moreshears.diamondShears":545,"stat.pickup.minecraft.beef":12,"stat.craftItem.immersiveengineering.sheetmetalSlab":30,"achievement.openInventory":2694,"stat.craftItem.actuallyadditions.blockMisc":6,"stat.pickup.mysticalagriculture.diamond_essence":4,"stat.pickup.exnihiloadscensio.itemSeedOak":10,"stat.drop.actuallyadditions.itemMisc":2,"stat.useItem.minecraft.dye":97,"stat.useItem.forge.bucketFilled":45,"stat.useItem.enderio.itemPowerConduit":14,"stat.craftItem.immersiveengineering.metal":85,"stat.mineBlock.minecraft.tallgrass":68,"stat.pickup.tconstruct.seared":3,"stat.craftItem.mysticalagriculture.superium_armor_core":4,"stat.craftItem.actuallyadditions.itemSwordEmerald":2,"stat.mineBlock.ironchest.BlockIronChest":1,"stat.useItem.minecraft.stone":13,"stat.pickup.minecraft.arrow":62,"stat.pickup.extrautils2.compressedcobblestone":3,"stat.useItem.tp.cobblegen_block":4,"stat.useItem.minecraft.clay":17,"stat.craftItem.excompressum.auto_heavy_sieve":1,"stat.pickup.tconstruct.cast_custom":2,"achievement.killCow":6,"stat.mineBlock.minecraft.chest":9,"stat.craftItem.minecraft.hopper":2,"stat.craftItem.mysticalagriculture.superium_furnace":1,"stat.mineBlock.exnihiloadscensio.blockBarrel1":1,"stat.mineBlock.exnihiloadscensio.blockBarrel0":12,"stat.useItem.minecraft.reeds":7,"stat.pickup.mysticalagriculture.tier3_crafting_seed":1,"stat.craftItem.draconicevolution.draconic_core":11,"stat.pickup.minecraft.wheat_seeds":45,"stat.pickup.chisel.cobblestone":11,"stat.useItem.minecraft.enchanting_table":2,"stat.pickup.darkutils.material":16,"stat.useItem.exnihiloadscensio.hammerWood":160,"stat.useItem.actuallyadditions.itemPickaxeCrystalBlack":107,"stat.pickup.immersiveengineering.seed":3,"stat.useItem.minecraft.cobblestone":632,"stat.useItem.minecraft.gravel":148,"stat.drop.minecraft.chicken":1,"stat.useItem.draconicevolution.generator":3,"stat.drop.excompressum.compressed_crook":3,"stat.craftItem.minecraft.gold_ingot":278,"stat.pickup.minecraft.hopper":1,"stat.pickup.mysticalagriculture.superium_essence":4,"stat.craftItem.integrateddynamics.menrilTorch":4,"stat.pickup.minecraft.apple":142,"stat.craftItem.immersiveengineering.tool":2,"stat.pickup.minecraft.banner":1,"stat.breakItem.chesttransporter.chesttransporter_iron":2,"achievement.portal":2,"stat.itemEnchanted":33,"stat.mineBlock.minecraft.log":2806,"stat.useItem.minecraft.wooden_door":2,"achievement.acquireIron":61,"stat.craftItem.minecraft.paper":444,"stat.pickup.minecraft.red_flower":4,"stat.pickup.minecraft.wool":9,"stat.useItem.minecraft.wooden_axe":154,"stat.pickup.actuallyadditions.itemSwordEmerald":1,"stat.cakeSlicesEaten":7,"stat.pickup.exnihiloadscensio.blockBarrel0":12,"stat.killEntity.headcrumbs.Human":104,"stat.pickup.exnihiloadscensio.blockBarrel1":1,"stat.craftItem.minecraft.diamond_leggings":1,"stat.useItem.tconstruct.mattock":254,"stat.mineBlock.minecraft.yellow_flower":3,"stat.useItem.minecraft.skull":54,"stat.useItem.integrateddynamics.menrilTorch":1,"stat.pickup.colossalchests.chestWall":638,"stat.craftItem.minecraft.wool":9,"achievement.buildWorkBench":5,"stat.pickup.minecraft.bow":8,"stat.drop.exnihiloadscensio.itemSeedSpruce":1,"stat.craftItem.mysticalagriculture.tier2_inferium_seeds":1,"stat.pickup.integrateddynamics.menrilTorch":2,"stat.useItem.tconstruct.cleaver":1,"stat.mineBlock.chisel.cobblestone":9,"stat.useItem.mysticalagriculture.soulstone":13,"stat.pickup.minecraft.shears":1,"stat.flyOneCm":3975953,"stat.useItem.extrautils2.compressedgravel":341,"stat.craftItem.extrautils2.grocket":12,"stat.craftItem.botania.dye":103,"stat.craftItem.minecraft.emerald_block":2,"stat.timeSinceDeath":351417,"stat.useItem.exnihiloadscensio.blockDust":10,"stat.craftItem.draconicevolution.generator":3,"stat.pickup.mysticalagriculture.tier2_crafting_seed":1,"stat.killEntity.Bat":24,"stat.pickup.hatchery.chickenmanure":15,"stat.mineBlock.excompressum.bait":10,"stat.craftItem.tconstruct.seared":72,"stat.pickup.minecraft.nether_wart":7,"stat.mineBlock.minecraft.enchanting_table":1,"stat.pickup.minecraft.shield":2,"stat.craftItem.minecraft.stone_hoe":1,"stat.pickup.extrautils2.ingredients":6,"stat.pickup.darkutils.mystery_potion":1,"stat.pickup.minecraft.string":1099,"stat.pickup.excompressum.compressed_hammer_stone":2,"stat.craftItem.ironchest.goldDiamondUpgrade":9,"stat.craftItem.mysticalagriculture.supremium_leggings":1,"stat.craftItem.tconstruct.tooltables":8,"stat.craftItem.excompressum.heavy_sieve":2,"stat.breakItem.excompressum.compressed_hammer_stone":1,"stat.craftItem.minecraft.wooden_axe":3,"stat.craftItem.mysticalagriculture.tier1_inferium_seeds":1,"stat.craftItem.mysticalagriculture.prudentium_armor_core":4,"stat.useItem.ceramics.clay_bucket":5,"achievement.killEnemy":408,"stat.useItem.tconstruct.seared_tank":1,"stat.craftItem.ironchest.woodIronUpgrade":20,"stat.useItem.exnihiloadscensio.itemSeedJungle":3,"stat.breakItem.moreshears.stoneShears":17,"stat.pickup.minecraft.snowball":1,"stat.diveOneCm":20469,"stat.pickup.tconstruct.tooltables":1,"achievement.buildHoe":5,"stat.useItem.excompressum.bait":24,"stat.pickup.mysticalagriculture.master_infusion_crystal":3,"stat.drop.extrautils2.goldenlasso":1,"stat.pickup.mysticalagriculture.tier3_inferium_seeds":16,"stat.useItem.minecraft.rotten_flesh":26,"stat.drop.minecraft.apple":15,"stat.craftItem.minecraft.diamond_sword":1,"stat.jump":16006,"stat.useItem.minecraft.sand":50,"stat.drop.tconstruct.pattern":9,"stat.craftItem.minecraft.torch":208,"stat.craftItem.exnihiloadscensio.itemOreLead":5,"achievement.makeBread":88,"stat.drop.minecraft.glowstone":1,"stat.pickup.mysticalagriculture.end_seeds":1,"stat.useItem.minecraft.sapling":264,"achievement.blazeRod":5,"stat.damageTaken":9338,"stat.mineBlock.torchmaster.mega_torch":1,"stat.pickup.immersiveengineering.metal":2,"stat.mineBlock.minecraft.sapling":10,"stat.drop.tconstruct.slimesling":3,"stat.pickup.minecraft.bed":2,"stat.pickup.minecraft.potato":1,"stat.entityKilledBy.Zombie":1,"stat.craftItem.mysticalagriculture.supremium_block":4,"stat.drop.stevescarts.CartModule":1,"stat.useItem.excompressum.auto_heavy_sieve":1,"stat.craftItem.minecraft.stone_slab":2694,"stat.useItem.minecraft.chest":34,"stat.craftItem.actuallyadditions.itemChestEmerald":1,"stat.useItem.colossalchests.uncolossalChest":2,"stat.craftItem.enderio.itemAlloy":4,"stat.useItem.tconstruct.faucet":2,"stat.craftItem.mysticalagriculture.supremium_boots":1,"stat.useItem.immersiveengineering.sheetmetalSlab":2,"stat.craftItem.minecraft.iron_chestplate":2,"stat.pickup.minecraft.baked_potato":330,"stat.pickup.minecraft.ender_pearl":16,"stat.useItem.minecraft.netherrack":3,"stat.craftItem.minecraft.bookshelf":49,"stat.craftItem.mysticalagriculture.supremium_essence":174,"stat.pickup.exnihiloadscensio.blockEndstoneCrushed":126,"stat.craftItem.minecraft.shears":3,"stat.pickup.stevescarts.CartModule":2,"stat.pickup.minecraft.torch":88,"stat.mineBlock.tp.cobblegen_block":3,"stat.mineBlock.colossalchests.uncolossalChest":2,"stat.craftItem.actuallyadditions.itemHelmEmerald":1,"stat.pickup.integrateddynamics.crystalizedMenrilChunk":6,"stat.mineBlock.extrautils2.compressedcobblestone":824,"stat.pickup.immersiveengineering.metalDevice1":1,"stat.pickup.immersiveengineering.metalDevice0":2,"stat.useItem.minecraft.planks":63,"stat.pickup.minecraft.porkchop":10,"stat.pickup.minecraft.blaze_powder":86,"stat.pickup.minecraft.glass":51,"stat.pickup.tconstruct.slimesling":5,"stat.useItem.minecraft.water_bucket":31,"stat.pickup.minecraft.sand":3213,"stat.craftItem.exnihiloadscensio.blockCrucible":6,"achievement.diamonds":36,"stat.useItem.minecraft.ender_pearl":3,"achievement.buildBetterPickaxe":6,"stat.pickup.actuallyadditions.itemBooklet":1,"stat.craftItem.mysticalagriculture.superium_ingot":31,"stat.craftItem.mysticalagriculture.seed_reprocessor":1,"stat.useItem.moreshears.stoneShears":1060,"stat.craftItem.mysticalagriculture.superium_block":1,"stat.drop.betterbuilderswands.wandStone":1,"stat.mineBlock.botania.doubleFlower2":21,"stat.useItem.mysticalagriculture.witherproof_block":83,"stat.mineBlock.botania.doubleFlower1":34,"stat.pickup.minecraft.furnace":2,"stat.pickup.tconstruct.cast":4,"achievement.overkill":125,"achievement.mineWood":1197,"stat.craftItem.mysticalagriculture.prudentium_essence":11610,"stat.pickup.minecraft.iron_chestplate":2,"stat.pickup.minecraft.skull":25,"stat.craftItem.minecraft.netherrack":32,"stat.pickup.enderio.itemPowderIngot":18,"stat.craftItem.minecraft.sand":252,"stat.useItem.minecraft.hopper":3,"stat.craftItem.minecraft.heavy_weighted_pressure_plate":2,"stat.pickup.excompressum.compressed_hammer_iron":1,"stat.drop.betterbuilderswands.wandDiamond":3,"stat.playOneMinute":2401770,"stat.useItem.minecraft.shears":240,"stat.pickup.mysticalagriculture.creeper_chunk":2,"stat.useItem.tp.iron_cobblegen_block":1,"stat.pickup.natura.overworld_seeds":1,"stat.craftItem.mysticalagriculture.soulium_dagger":1,"stat.craftItem.colossalchests.uncolossalChest":2,"stat.craftItem.immersiveengineering.metalDecoration2":3,"stat.craftItem.mysticalagriculture.tier5_inferium_seeds":1,"stat.craftItem.tp.cobblegen_block":2,"stat.drop.immersiveengineering.treatedWood":3,"stat.pickup.exnihiloadscensio.itemSeedBirch":4,"stat.craftItem.snad.snad":10,"stat.craftItem.mysticalagriculture.supremium_armor_core":4,"stat.pickup.tconstruct.lumberaxe":1,"stat.pickup.mysticalagriculture.supremium_essence":76,"stat.fallOneCm":331156,"stat.craftItem.notenoughwands.acceleration_wand":1,"stat.craftItem.draconicevolution.crafting_pedestal":8,"stat.craftItem.minecraft.chest":34,"stat.pickup.minecraft.feather":3,"stat.useItem.minecraft.stone_pickaxe":113,"stat.craftItem.tconstruct.seared_tank":1,"stat.craftItem.draconicevolution.wyvern_core":1,"stat.craftItem.minecraft.iron_leggings":2,"stat.pickup.mysticalagriculture.wither_skeleton_essence":90,"stat.useItem.extrautils2.grocket":20,"stat.craftItem.extrautils2.compressedgravel":878,"stat.mineBlock.enderio.blockConduitBundle":6,"stat.craftItem.mysticalagriculture.intermedium_armor_core":4,"stat.craftItem.ceramics.clay_bucket":3,"stat.pickup.minecraft.log":2593,"stat.drop.immersiveengineering.tool":1,"stat.craftItem.betterbuilderswands.wandStone":1,"stat.pickup.minecraft.wooden_door":1,"stat.craftItem.exnihiloadscensio.itemOreCopper":14,"stat.craftItem.tconstruct.smeltery_controller":1,"stat.pickup.minecraft.diamond_helmet":3,"stat.craftItem.minecraft.cooked_chicken":1,"stat.useItem.minecraft.stone_hoe":10,"stat.drop.colossalchests.chestWall":14,"stat.pickup.mysticalagriculture.experience_seeds":75,"stat.pickup.tconstruct.slime_boots":2,"stat.sneakTime":68141,"stat.craftItem.draconicevolution.wyvern_helm":1,"stat.pickup.minecraft.chest":19,"stat.craftItem.minecraft.enchanting_table":1,"stat.pickup.minecraft.record_blocks":1,"stat.craftItem.botania.petal":304,"stat.craftItem.tconstruct.faucet":2,"stat.craftItem.extrautils2.compressedcobblestone":942,"stat.swimOneCm":23080,"stat.useItem.minecraft.dirt":35,"achievement.exploreAllBiomes":{"value":0,"progress":["ForestHills","Forest","Hell"]},"stat.useItem.botania.fertilizer":13,"stat.mineBlock.colossalchests.colossalChest":7,"stat.pickup.minecraft.enchanting_table":1,"stat.useItem.notenoughwands.acceleration_wand":267,"stat.pickup.excompressum.compressed_hammer_diamond":1,"stat.drop.actuallyadditions.itemSwordEmerald":2,"stat.useItem.exnihiloadscensio.blockBarrel0":26,"stat.pickup.minecraft.clay":2,"stat.useItem.exnihiloadscensio.blockBarrel1":2,"stat.craftItem.minecraft.wooden_slab":1566,"stat.pickup.minecraft.mutton":10,"stat.craftItem.torchmaster.mega_torch":1,"stat.useItem.minecraft.lever":3,"stat.drop.excompressum.compressed_block":5,"stat.useItem.enderio.blockSagMill":1,"achievements.xu2.techtree.start":68,"stat.useItem.minecraft.stone_slab":96,"stat.craftItem.colossalchests.upgradeTool":3,"stat.pickup.minecraft.speckled_melon":1,"stat.craftItem.draconicevolution.wyvern_energy_core":1,"stat.useItem.minecraft.bed":5,"stat.craftItem.minecraft.stone":520,"stat.useItem.tconstruct.casting":2,"stat.mineBlock.minecraft.crafting_table":2,"stat.useItem.minecraft.diamond_pickaxe":136,"stat.useItem.minecraft.carrot":38,"stat.useItem.mysticalagriculture.seed_reprocessor":1,"achievement.buildFurnace":48,"stat.craftItem.minecraft.soul_sand":585,"stat.craftItem.minecraft.diamond_pickaxe":1,"stat.useItem.draconicevolution.fusion_crafting_core":1,"stat.craftItem.mysticalagriculture.base_essence_ingot":62,"stat.craftItem.exnihiloadscensio.hammerStone":36,"stat.mineBlock.exnihiloadscensio.blockInfestedLeaves":987,"stat.pickup.minecraft.gravel":7563,"stat.useItem.extrautils2.compressedcobblestone":828,"stat.craftItem.immersiveengineering.metalDevice1":2,"stat.pickup.exnihiloadscensio.itemSeedSpruce":7,"stat.craftItem.immersiveengineering.metalDevice0":6,"stat.useItem.minecraft.diamond_axe":472,"stat.pickup.extrautils2.goldenlasso":3,"stat.breakItem.minecraft.wooden_axe":2,"stat.useItem.mysticalagriculture.intermedium_furnace":2,"stat.craftItem.mysticalagriculture.supremium_furnace":1,"stat.pickup.minecraft.diamond_sword":5,"stat.craftItem.enderio.itemPowerConduit":8,"stat.pickup.minecraft.iron_helmet":3,"stat.useItem.tconstruct.tooltables":7,"draconicevolution.whelm":1,"stat.pickup.mysticalagriculture.nether_essence":32,"stat.craftItem.minecraft.bread":44,"stat.pickup.minecraft.spider_eye":68,"stat.craftItem.extrautils2.chickenring":2,"stat.pickup.actuallyadditions.itemCanolaSeed":11,"stat.useItem.betterbuilderswands.wandStone":20,"stat.pickup.minecraft.leaves":1627,"stat.pickup.mysticalagriculture.experience_chunk":9,"stat.pickup.minecraft.leather":33,"stat.craftItem.exnihiloadscensio.crookWood":54,"stat.useItem.exnihiloadscensio.itemSeedCactus":1,"stat.craftItem.colossalchests.chestWall":426,"stat.pickup.minecraft.reeds":60,"stat.pickup.exnihiloadscensio.itemOreIron":736,"stat.craftItem.mysticalagriculture.tier1_crafting_seed":6,"stat.drop.chiselsandbits.bit_bag":1,"stat.craftItem.minecraft.glass":269,"stat.pickup.exnihiloadscensio.itemSeedCarrot":15,"stat.craftItem.minecraft.cauldron":1,"stat.useItem.randomthings.rainShield":1,"stat.sleepInBed":35,"stat.craftItem.minecraft.baked_potato":1987,"stat.killEntity.Cow":3,"stat.killEntity.Pig":5,"stat.mineBlock.excompressum.heavy_sieve":1,"stat.pickup.mysticalagriculture.enderman_chunk":3,"stat.walkOneCm":3786290,"stat.craftItem.excompressum.compressed_block":209,"stat.pickup.minecraft.clay_ball":68,"stat.pickup.mysticalagriculture.inferium_essence":738,"stat.useItem.betterbuilderswands.wandDiamond":383,"stat.useItem.exnihiloadscensio.blockSieve":1,"stat.craftItem.actuallyadditions.blockCoalGenerator":5,"stat.pickup.minecraft.stone":3,"stat.mineBlock.minecraft.wool":1,"stat.craftItem.actuallyadditions.itemPantsEmerald":1,"stat.useItem.minecraft.leaves":2,"stat.craftItem.mysticalagriculture.inferium_furnace":1,"stat.pickup.minecraft.gold_ingot":16,"stat.killEntity.Skeleton":48,"stat.pickup.minecraft.record_mall":1,"stat.mineBlock.minecraft.cactus":1,"stat.craftItem.minecraft.skull":191,"stat.craftItem.mysticalagriculture.intermedium_ingot":31,"stat.craftItem.tp.ReinforcedGlass":42,"stat.killEntity.Spider":62,"stat.craftItem.exnihiloadscensio.hammerDiamond":18,"stat.pickup.exnihiloadscensio.blockDust":1512,"stat.pickup.minecraft.quartz":449,"stat.useItem.excompressum.wooden_crucible":6,"stat.pickup.mysticalagriculture.draconium_seeds":1,"stat.craftItem.extrautils2.trashcan":1,"stat.pickup.mysticalagriculture.soulstone":15,"stat.useItem.actuallyadditions.blockAtomicReconstructor":1,"stat.craftItem.minecraft.coal_block":31,"stat.useItem.actuallyadditions.blockCoalGenerator":6,"stat.craftItem.minecraft.brick":8,"stat.mineBlock.minecraft.stone":7,"stat.useItem.tconstruct.smeltery_controller":1,"stat.useItem.excompressum.auto_compressed_hammer":1}