{"stat.pickup.actuallyadditions.itemDust":3,"stat.pickup.minecraft.wooden_slab":33,"stat.drop.excompressum.compressed_hammer_stone":2,"stat.leaveGame":3,"stat.pickup.betterbuilderswands.wandDiamond":1,"stat.drop.mysticalagriculture.inferium_essence":128,"stat.craftItem.excompressum.compressed_hammer_stone":5,"stat.craftItem.minecraft.shield":1,"stat.useItem.immersiveengineering.metalDevice1":2,"stat.mineBlock.minecraft.web":1,"stat.pickup.mysticalagriculture.experience_essence":103,"stat.useItem.immersiveengineering.metalDevice0":6,"stat.mineBlock.gravestone.gravestone":1,"stat.craftItem.exnihiloadscensio.itemOreGold":74,"stat.pickup.minecraft.rotten_flesh":108,"stat.pickup.excompressum.compressed_block":1,"stat.craftItem.minecraft.stone_axe":1,"stat.pickup.minecraft.bucket":1,"stat.craftItem.mysticalagriculture.soulium_ingot_block":1,"stat.killEntity.Enderman":4,"stat.mineBlock.minecraft.wooden_slab":28,"stat.useItem.minecraft.anvil":1,"achievement.buildPickaxe":2,"stat.killEntity.Witch":1,"stat.craftItem.exnihiloadscensio.blockBarrel1":1,"stat.craftItem.exnihiloadscensio.blockBarrel0":15,"stat.drop.minecraft.sand":109,"stat.craftItem.excompressum.compressed_hammer_diamond":2,"stat.craftItem.excompressum.bait":3,"stat.mineBlock.minecraft.end_stone":74,"stat.craftItem.actuallyadditions.blockAtomicReconstructor":1,"stat.pickup.extrautils2.endershard":1,"stat.pickup.excompressum.heavy_sieve":1,"stat.pickup.exnihiloadscensio.itemSeedAcacia":4,"stat.craftItem.minecraft.bed":3,"stat.craftItem.minecraft.glass_pane":16,"stat.mineBlock.minecraft.hopper":1,"stat.craftItem.tp.iron_cobblegen_block":1,"stat.furnaceInteraction":331,"stat.pickup.mysticalagriculture.soulium_ingot_block":1,"stat.craftItem.exnihiloadscensio.itemMesh":6,"stat.craftItem.mysticalagriculture.intermedium_block":1,"stat.pickup.minecraft.sponge":5,"stat.useItem.minecraft.end_stone":78,"stat.craftItem.excompressum.compressed_crook":13,"stat.craftItem.mysticalagriculture.tier3_crafting_seed":2,"stat.pickup.mysticalagriculture.tier1_inferium_seeds":64,"stat.craftItem.immersiveengineering.sheetmetalSlab":30,"achievement.openInventory":1495,"stat.craftItem.actuallyadditions.blockMisc":6,"stat.craftItem.mysticalagriculture.tier4_crafting_seed":1,"stat.useItem.minecraft.flint_and_steel":3,"stat.pickup.exnihiloadscensio.itemSeedOak":5,"stat.craftItem.mysticalagriculture.prudentium_furnace":1,"stat.pickup.minecraft.emerald":2,"stat.drop.actuallyadditions.itemMisc":2,"stat.useItem.minecraft.dye":6,"stat.craftItem.mysticalagriculture.mystical_machine_frame":4,"stat.drop.integrateddynamics.crystalizedMenrilChunk":6,"stat.deaths":1,"stat.useItem.tconstruct.smeltery_io":2,"stat.craftItem.enderio.itemMaterial":24,"stat.useItem.enderio.itemPowerConduit":14,"stat.craftItem.immersiveengineering.metal":85,"stat.pickup.tconstruct.seared":3,"stat.chestOpened":616,"stat.craftItem.actuallyadditions.itemSwordEmerald":1,"stat.useItem.minecraft.stone":7,"stat.pickup.minecraft.arrow":42,"stat.pickup.extrautils2.compressedcobblestone":3,"stat.useItem.tp.cobblegen_block":4,"stat.useItem.snad.snad":5,"stat.useItem.minecraft.clay":8,"stat.craftItem.excompressum.auto_heavy_sieve":1,"stat.pickup.minecraft.chorus_flower":1,"stat.craftItem.minecraft.coal":576,"stat.pickup.exnihiloadscensio.itemOreNickel":187,"stat.pickup.minecraft.carrot":13,"stat.crouchOneCm":86861,"stat.mineBlock.minecraft.chest":9,"stat.craftItem.minecraft.iron_ingot":567,"stat.pickup.mysticalagriculture.coal_essence":103,"stat.craftItem.minecraft.hopper":2,"stat.craftingTableInteraction":6,"stat.craftItem.enderio.blockSagMill":1,"stat.mineBlock.exnihiloadscensio.blockBarrel0":3,"stat.craftItem.tconstruct.pattern":515,"stat.pickup.exnihiloadscensio.itemMaterial":354,"stat.useItem.minecraft.reeds":7,"stat.craftItem.betterbuilderswands.wandDiamond":2,"stat.pickup.mysticalagriculture.intermedium_essence":1,"stat.pickup.mysticalagriculture.tier3_crafting_seed":1,"stat.pickup.minecraft.dye":494,"stat.pickup.minecraft.planks":30,"stat.pickup.minecraft.wheat_seeds":8,"stat.pickup.chisel.cobblestone":11,"stat.drop.minecraft.soul_sand":2,"stat.useItem.minecraft.enchanting_table":1,"stat.craftItem.extrautils2.pipe":32,"stat.useItem.exnihiloadscensio.hammerWood":160,"stat.pickup.exnihiloadscensio.itemSeedPotato":7,"stat.craftItem.immersiveengineering.sheetmetal":45,"stat.useItem.minecraft.cobblestone":351,"stat.craftItem.enderio.itemMachinePart":2,"stat.useItem.minecraft.gravel":148,"stat.drop.minecraft.chicken":1,"stat.drop.excompressum.compressed_crook":1,"stat.pickup.exnihiloadscensio.itemOreLead":207,"stat.craftItem.minecraft.gold_ingot":63,"stat.drop.minecraft.sapling":23,"stat.pickup.minecraft.hopper":1,"stat.pickup.minecraft.chicken":3,"stat.pickup.mysticalagriculture.superium_essence":4,"stat.pickup.minecraft.apple":138,"stat.craftItem.immersiveengineering.tool":2,"stat.pickup.minecraft.end_stone":49,"stat.craftItem.minecraft.bucket":4,"stat.craftItem.minecraft.planks":2162,"stat.itemEnchanted":16,"stat.pickup.minecraft.book":6,"stat.mineBlock.minecraft.log":1010,"stat.craftItem.minecraft.wooden_door":3,"stat.useItem.minecraft.wooden_door":2,"achievement.acquireIron":60,"stat.craftItem.minecraft.paper":444,"stat.pickup.minecraft.wool":7,"stat.craftItem.exnihiloadscensio.itemMaterial":21,"stat.useItem.minecraft.wooden_axe":154,"stat.pickup.extrautils2.pipe":16,"stat.craftItem.minecraft.cobblestone":289,"stat.pickup.exnihiloadscensio.blockBarrel0":3,"stat.killEntity.headcrumbs.Human":65,"stat.drop.exnihiloadscensio.itemMesh":2,"stat.useItem.mysticalagriculture.soulium_ingot_block":1,"stat.mineBlock.minecraft.cobblestone":101,"stat.useItem.tconstruct.mattock":253,"stat.pickup.minecraft.stone_pickaxe":1,"stat.pickup.minecraft.flint":7,"stat.craftItem.minecraft.wool":9,"stat.drop.minecraft.cobblestone":209,"achievement.buildWorkBench":5,"stat.useItem.exnihiloadscensio.crookWood":63,"stat.craftItem.mysticalagriculture.experience_seeds":1,"stat.pickup.minecraft.bow":3,"stat.craftItem.mysticalagriculture.tier2_inferium_seeds":1,"stat.mineBlock.chisel.cobblestone":9,"stat.craftItem.minecraft.furnace":20,"stat.mineBlock.mysticalagriculture.soulium_ingot_block":1,"stat.pickup.tp.cobblegen_block":2,"stat.craftItem.minecraft.iron_boots":1,"stat.mineBlock.minecraft.clay":8,"stat.pickup.mysticalagriculture.prudentium_essence":9,"stat.flyOneCm":1597942,"stat.craftItem.actuallyadditions.itemMisc":30,"stat.useItem.extrautils2.compressedgravel":121,"stat.craftItem.extrautils2.grocket":12,"stat.timeSinceDeath":627220,"stat.useItem.exnihiloadscensio.blockDust":1,"stat.craftItem.mysticalagriculture.soul_dust":56,"stat.useItem.minecraft.wooden_slab":86,"stat.pickup.mysticalagriculture.tier2_crafting_seed":1,"stat.craftItem.minecraft.iron_block":8,"stat.killEntity.Bat":22,"stat.pickup.hatchery.chickenmanure":2,"stat.mineBlock.excompressum.bait":3,"stat.craftItem.exnihiloadscensio.hammerWood":3,"stat.pickup.exnihiloadscensio.itemOreGold":349,"stat.craftItem.tconstruct.seared":72,"stat.craftItem.excompressum.auto_compressed_hammer":1,"stat.killEntity.Creeper":30,"stat.pickup.minecraft.shield":2,"stat.craftItem.minecraft.stone_hoe":1,"stat.pickup.minecraft.string":402,"stat.pickup.excompressum.compressed_hammer_stone":2,"achievement.buildSword":5,"stat.craftItem.tconstruct.tooltables":8,"stat.craftItem.excompressum.heavy_sieve":2,"stat.breakItem.excompressum.compressed_hammer_stone":1,"stat.sprintOneCm":1334945,"stat.mineBlock.minecraft.stone_slab":6,"stat.craftItem.minecraft.wooden_axe":3,"stat.craftItem.mysticalagriculture.coal_seeds":1,"stat.useItem.minecraft.snowball":1,"stat.craftItem.mysticalagriculture.tier1_inferium_seeds":1,"stat.craftItem.mysticalagriculture.soulium_ingot":11,"stat.useItem.ceramics.clay_bucket":5,"achievement.killEnemy":206,"stat.useItem.tconstruct.seared_tank":1,"stat.pickup.minecraft.sugar":1,"stat.craftItem.excompressum.wooden_crucible":6,"stat.craftItem.ironchest.woodIronUpgrade":4,"stat.mineBlock.extrautils2.compressedsand":55,"stat.breakItem.moreshears.stoneShears":15,"stat.killEntity.Zombie":52,"stat.craftItem.minecraft.dye":57,"stat.pickup.minecraft.snowball":1,"stat.pickup.tconstruct.tooltables":1,"stat.craftItem.mysticalagriculture.tier2_crafting_seed":4,"stat.pickup.exnihiloadscensio.itemSeedJungle":4,"achievement.buildHoe":5,"stat.useItem.excompressum.bait":6,"stat.drop.lootbags.itemlootbag":1,"stat.pickup.minecraft.obsidian":6,"stat.pickup.exnihiloadscensio.itemPebble":587,"stat.useItem.minecraft.rotten_flesh":26,"stat.drop.minecraft.apple":15,"stat.craftItem.minecraft.diamond_sword":1,"stat.jump":7163,"stat.useItem.minecraft.sand":50,"stat.pickup.minecraft.coal":478,"stat.pickup.minecraft.iron_ingot":6,"stat.craftItem.minecraft.lever":3,"stat.useItem.exnihiloadscensio.itemSeedSugarcane":4,"stat.drop.minecraft.diamond_sword":2,"stat.pickup.minecraft.gunpowder":153,"stat.craftItem.minecraft.torch":208,"stat.craftItem.exnihiloadscensio.itemOreLead":5,"stat.pickup.minecraft.dirt":297,"achievement.makeBread":88,"stat.pickup.mysticalagriculture.end_seeds":1,"stat.pickup.exnihiloadscensio.itemSeedSugarcane":5,"stat.useItem.minecraft.sapling":149,"stat.damageTaken":2632,"stat.craftItem.mysticalagriculture.redstone_seeds":1,"stat.mineBlock.minecraft.torch":60,"stat.pickup.immersiveengineering.metal":2,"stat.mineBlock.minecraft.sapling":1,"stat.drop.tconstruct.slimesling":1,"stat.craftItem.minecraft.glowstone":4,"stat.craftItem.mysticalagriculture.intermedium_furnace":1,"stat.pickup.minecraft.bed":2,"stat.pickup.minecraft.potato":1,"stat.entityKilledBy.Zombie":1,"stat.craftItem.extrautils2.compressedsand":135,"stat.craftItem.exnihiloadscensio.blockSieve":1,"stat.drop.stevescarts.CartModule":1,"stat.useItem.excompressum.compressed_hammer_diamond":271,"stat.useItem.excompressum.auto_heavy_sieve":1,"stat.craftItem.minecraft.stone_slab":390,"stat.useItem.minecraft.chest":26,"stat.craftItem.tconstruct.smeltery_io":2,"stat.pickup.mysticalagriculture.zombie_chunk":8,"stat.useItem.minecraft.lava_bucket":2,"stat.craftItem.enderio.itemAlloy":4,"stat.useItem.tconstruct.faucet":2,"stat.useItem.immersiveengineering.sheetmetalSlab":2,"stat.craftItem.minecraft.iron_chestplate":1,"stat.pickup.minecraft.baked_potato":28,"stat.pickup.bigreactors.dustmetals":21,"stat.pickup.minecraft.ender_pearl":5,"stat.craftItem.mysticalagriculture.nether_seeds":1,"stat.useItem.minecraft.netherrack":3,"stat.craftItem.minecraft.bookshelf":49,"stat.pickup.actuallyadditions.itemCoffeeSeed":5,"stat.mobKills":254,"stat.pickup.exnihiloadscensio.blockEndstoneCrushed":78,"stat.mineBlock.minecraft.bookshelf":2,"stat.craftItem.minecraft.shears":2,"stat.pickup.stevescarts.CartModule":2,"stat.pickup.actuallyadditions.blockCoalGenerator":1,"stat.pickup.minecraft.diamond":48,"stat.pickup.minecraft.beetroot_seeds":6,"achievement.bookcase":97,"stat.pickup.minecraft.torch":69,"stat.mineBlock.tp.cobblegen_block":3,"stat.useItem.tconstruct.toolforge":1,"stat.craftItem.immersiveengineering.treatedWood":8,"stat.pickup.integrateddynamics.crystalizedMenrilChunk":6,"stat.pickup.mysticalagriculture.skeleton_chunk":2,"stat.useItem.minecraft.bookshelf":29,"stat.pickup.enderio.itemPowerConduit":6,"stat.pickup.tp.QuartzDust":3,"stat.mineBlock.extrautils2.compressedcobblestone":547,"stat.useItem.minecraft.planks":62,"stat.pickup.minecraft.glowstone_dust":54,"stat.pickup.minecraft.blaze_powder":68,"stat.pickup.minecraft.glass":15,"stat.pickup.tconstruct.slimesling":1,"stat.useItem.minecraft.water_bucket":10,"stat.pickup.minecraft.sand":1214,"stat.breakItem.exnihiloadscensio.hammerWood":2,"stat.craftItem.exnihiloadscensio.blockCrucible":6,"achievement.diamonds":22,"stat.craftItem.tconstruct.casting":2,"stat.useItem.exnihiloadscensio.blockCrucible":3,"stat.useItem.minecraft.ender_pearl":2,"stat.mineBlock.minecraft.sand":50,"stat.drop.tconstruct.lumberaxe":2,"stat.pickup.actuallyadditions.itemFlaxSeed":5,"achievement.buildBetterPickaxe":2,"stat.pickup.actuallyadditions.itemBooklet":1,"stat.hopperInspected":4,"stat.useItem.exnihiloadscensio.itemSeedCarrot":12,"stat.craftItem.mysticalagriculture.base_crafting_seed":5,"stat.useItem.excompressum.heavy_sieve":2,"stat.craftItem.mysticalagriculture.seed_reprocessor":1,"stat.useItem.moreshears.stoneShears":972,"stat.craftItem.exnihiloadscensio.itemOreIron":179,"stat.drop.betterbuilderswands.wandStone":1,"stat.useItem.extrautils2.pipe":30,"stat.pickup.minecraft.furnace":2,"achievement.mineWood":643,"stat.craftItem.mysticalagriculture.prudentium_essence":395,"stat.pickup.minecraft.skull":4,"stat.craftItem.minecraft.sand":45,"stat.pickup.minecraft.pumpkin_seeds":3,"stat.useItem.minecraft.hopper":3,"stat.craftItem.immersiveengineering.material":3,"stat.craftItem.minecraft.heavy_weighted_pressure_plate":2,"stat.drop.betterbuilderswands.wandDiamond":2,"stat.playOneMinute":938211,"stat.craftItem.mysticalagriculture.soulium_dust":11,"stat.useItem.minecraft.shears":240,"stat.pickup.mysticalagriculture.creeper_chunk":2,"stat.useItem.tp.iron_cobblegen_block":1,"stat.craftItem.mysticalagriculture.soulium_dagger":1,"stat.pickup.minecraft.netherrack":12,"stat.pickup.exnihiloadscensio.itemMesh":20,"stat.craftItem.immersiveengineering.metalDecoration2":3,"stat.craftItem.tp.cobblegen_block":2,"stat.drop.immersiveengineering.treatedWood":3,"stat.pickup.exnihiloadscensio.itemSeedBirch":4,"stat.breakItem.excompressum.compressed_crook":9,"stat.craftItem.minecraft.flint":38,"stat.craftItem.snad.snad":10,"stat.useItem.minecraft.experience_bottle":899,"stat.fallOneCm":111165,"stat.drop.minecraft.stone":5,"stat.useItem.extrautils2.trashcan":1,"stat.pickup.excompressum.compressed_crook":1,"stat.pickup.minecraft.melon_seeds":4,"stat.craftItem.tconstruct.toolforge":1,"stat.craftItem.minecraft.chest":23,"stat.pickup.mysticalagriculture.prosperity_shard":42,"stat.pickup.minecraft.feather":1,"stat.useItem.minecraft.furnace":17,"stat.pickup.exnihiloadscensio.itemSeedDarkOak":6,"stat.craftItem.tconstruct.materials":336,"stat.useItem.excompressum.compressed_crook":6509,"stat.craftItem.moreshears.stoneShears":19,"stat.drop.snad.snad":5,"stat.mineBlock.minecraft.gravel":148,"stat.useItem.minecraft.stone_pickaxe":95,"stat.craftItem.tconstruct.seared_tank":1,"stat.pickup.mysticalagriculture.intermedium_furnace":1,"stat.craftItem.minecraft.iron_leggings":1,"stat.useItem.minecraft.wool":2,"stat.craftItem.mysticalagriculture.superium_essence":7,"stat.useItem.minecraft.torch":201,"stat.useItem.extrautils2.grocket":18,"stat.craftItem.mysticalagriculture.iron_seeds":1,"stat.pickup.minecraft.crafting_table":2,"stat.useItem.minecraft.log":43,"stat.craftItem.minecraft.crafting_table":5,"stat.craftItem.extrautils2.compressedgravel":601,"stat.mineBlock.enderio.blockConduitBundle":6,"stat.craftItem.ceramics.clay_bucket":3,"stat.pickup.excompressum.bait":3,"stat.pickup.extrautils2.grocket":11,"stat.pickup.minecraft.log":1117,"stat.drop.immersiveengineering.tool":1,"stat.useItem.mysticalagriculture.soulium_dagger":306,"stat.pickup.minecraft.web":14,"stat.craftItem.betterbuilderswands.wandStone":1,"stat.pickup.minecraft.sapling":1409,"stat.pickup.exnihiloadscensio.itemOreCopper":59,"stat.pickup.minecraft.wooden_door":1,"stat.craftItem.exnihiloadscensio.itemOreCopper":14,"stat.drop.mysticalagriculture.tier2_crafting_seed":1,"stat.craftItem.tconstruct.smeltery_controller":1,"stat.pickup.actuallyadditions.itemMisc":3,"stat.craftItem.minecraft.end_stone":32,"stat.drop.immersiveengineering.material":1,"stat.craftItem.enderio.blockAlloySmelter":1,"stat.mineBlock.exnihiloadscensio.blockDust":1,"ftbl.stat.first_joined":{"value":0,"progress":1590002759982},"stat.pickup.mysticalagriculture.coal_seeds":102,"stat.craftItem.minecraft.cooked_chicken":1,"stat.useItem.minecraft.stone_hoe":10,"stat.mineBlock.mysticalagriculture.intermedium_furnace":1,"stat.pickup.mysticalagriculture.experience_seeds":70,"stat.sneakTime":31081,"stat.drop.minecraft.bucket":2,"stat.mineBlock.extrautils2.compressedgravel":121,"stat.useItem.minecraft.baked_potato":81,"stat.pickup.minecraft.stone_slab":7,"stat.pickup.actuallyadditions.itemRiceSeed":3,"stat.pickup.minecraft.chest":11,"stat.craftItem.minecraft.enchanting_table":1,"stat.drop.minecraft.stone_pickaxe":1,"stat.pickup.minecraft.bone":62,"stat.craftItem.mysticalagriculture.prudentium_block":1,"stat.craftItem.ceramics.unfired_clay":3,"stat.pickup.minecraft.redstone_torch":1,"stat.craftItem.tconstruct.faucet":2,"stat.useItem.minecraft.diamond_sword":405,"stat.craftItem.extrautils2.compressedcobblestone":665,"stat.swimOneCm":3875,"stat.craftItem.mysticalagriculture.intermedium_essence":77,"stat.pickup.lootbags.itemlootbag":14,"stat.useItem.minecraft.dirt":30,"stat.pickup.minecraft.golden_helmet":1,"achievement.exploreAllBiomes":{"value":0,"progress":["ForestHills","Forest"]},"stat.drop.immersiveengineering.metalDecoration2":1,"stat.useItem.tconstruct.lumberaxe":579,"stat.craftItem.minecraft.stone_pickaxe":1,"stat.pickup.mysticalagriculture.infusion_crystal":1,"stat.drop.actuallyadditions.itemSwordEmerald":1,"stat.pickup.minecraft.cobblestone":282,"stat.craftItem.mysticalagriculture.soulstone":56,"stat.useItem.exnihiloadscensio.blockBarrel0":17,"stat.pickup.minecraft.clay":1,"stat.useItem.exnihiloadscensio.blockBarrel1":1,"stat.pickup.minecraft.soul_sand":44,"stat.craftItem.minecraft.wooden_slab":1566,"stat.craftItem.extrautils2.compresseddirt":5,"stat.pickup.minecraft.redstone":55,"stat.craftItem.minecraft.book":148,"stat.drop.exnihiloadscensio.itemMaterial":29,"stat.pickup.integrateddynamics.on_the_dynamics_of_integration":1,"stat.pickup.minecraft.mutton":7,"stat.useItem.minecraft.lever":3,"stat.drop.excompressum.compressed_block":5,"stat.drop.minecraft.iron_bars":8,"stat.useItem.enderio.blockSagMill":1,"stat.pickup.integrateddynamics.menrilSapling":8,"stat.craftItem.tconstruct.soil":336,"stat.pickup.exnihiloadscensio.itemOreSilver":20,"stat.craftItem.minecraft.stick":812,"stat.craftItem.mysticalagriculture.inferium_block":1,"stat.useItem.minecraft.stone_slab":53,"stat.useItem.minecraft.bed":5,"stat.craftItem.minecraft.stone":124,"stat.craftItem.minecraft.gold_nugget":18,"stat.useItem.tconstruct.casting":2,"stat.mineBlock.minecraft.crafting_table":2,"stat.useItem.minecraft.carrot":38,"stat.useItem.excompressum.compressed_hammer_stone":527,"stat.useItem.mysticalagriculture.seed_reprocessor":1,"stat.breakItem.minecraft.shears":2,"achievement.buildFurnace":38,"stat.mineBlock.minecraft.planks":37,"stat.useItem.extrautils2.compressedsand":55,"stat.drop":75,"stat.killEntity.Sheep":6,"stat.useItem.tconstruct.seared":35,"stat.craftItem.mysticalagriculture.base_essence_ingot":4,"stat.craftItem.minecraft.piston":1,"stat.useItem.exnihiloadscensio.itemMaterial":14,"stat.craftItem.exnihiloadscensio.hammerStone":36,"stat.mineBlock.exnihiloadscensio.blockInfestedLeaves":313,"stat.pickup.minecraft.gravel":5070,"stat.useItem.extrautils2.compressedcobblestone":551,"stat.craftItem.immersiveengineering.metalDevice1":2,"stat.pickup.exnihiloadscensio.itemSeedSpruce":2,"stat.craftItem.immersiveengineering.metalDevice0":6,"stat.useItem.minecraft.apple":108,"stat.breakItem.minecraft.wooden_axe":2,"stat.useItem.mysticalagriculture.intermedium_furnace":2,"stat.pickup.minecraft.diamond_sword":3,"stat.craftItem.enderio.itemPowerConduit":8,"stat.useItem.tconstruct.tooltables":7,"stat.useItem.minecraft.stone_axe":68,"stat.craftItem.minecraft.bread":44,"stat.pickup.exnihiloadscensio.itemOreAluminium":15,"stat.killEntity.Rooster":2,"stat.pickup.minecraft.spider_eye":23,"stat.craftItem.minecraft.iron_helmet":1,"stat.drop.minecraft.glass":17,"stat.pickup.actuallyadditions.itemCanolaSeed":5,"stat.useItem.betterbuilderswands.wandStone":20,"stat.craftItem.minecraft.flint_and_steel":1,"stat.mineBlock.tconstruct.tooltables":1,"stat.pickup.minecraft.leaves":1172,"stat.pickup.mysticalagriculture.experience_chunk":7,"stat.craftItem.minecraft.iron_bars":16,"stat.craftItem.exnihiloadscensio.crookWood":50,"stat.mineBlock.minecraft.furnace":2,"stat.drop.minecraft.water_bucket":1,"stat.pickup.minecraft.reeds":60,"stat.pickup.exnihiloadscensio.itemOreIron":602,"stat.craftItem.mysticalagriculture.tier1_crafting_seed":4,"stat.drop.chiselsandbits.bit_bag":1,"stat.craftItem.minecraft.glass":35,"stat.damageDealt":40523,"stat.pickup.exnihiloadscensio.itemSeedCarrot":12,"stat.craftItem.minecraft.cauldron":1,"stat.sleepInBed":33,"stat.pickup.snad.snad":2,"stat.craftItem.minecraft.baked_potato":65,"stat.craftItem.minecraft.anvil":1,"stat.useItem.minecraft.crafting_table":2,"stat.craftItem.minecraft.gravel":27,"stat.killEntity.Pig":1,"stat.mineBlock.excompressum.heavy_sieve":1,"stat.craftItem.mysticalagriculture.nether_cluster":4,"stat.craftItem.immersiveengineering.storage":2,"stat.craftItem.enderio.itemBasicCapacitor":3,"stat.pickup.mysticalagriculture.enderman_chunk":2,"stat.walkOneCm":2070780,"stat.craftItem.excompressum.compressed_block":76,"stat.pickup.minecraft.stick":9,"stat.pickup.minecraft.clay_ball":32,"achievement.enchantments":2,"ftbl.stat.last_seen":{"value":0,"progress":1590143669983},"stat.pickup.mysticalagriculture.inferium_essence":53,"stat.useItem.betterbuilderswands.wandDiamond":252,"stat.useItem.exnihiloadscensio.blockSieve":1,"stat.craftItem.actuallyadditions.blockCoalGenerator":5,"stat.pickup.mysticalagriculture.spider_chunk":2,"stat.pickup.minecraft.stone":2,"stat.mineBlock.minecraft.wool":1,"stat.craftItem.minecraft.redstone":128,"stat.craftItem.ironchest.ironGoldUpgrade":8,"stat.useItem.minecraft.leaves":2,"stat.craftItem.mysticalagriculture.inferium_furnace":1,"stat.pickup.minecraft.gold_ingot":16,"stat.killEntity.Skeleton":16,"stat.pickup.minecraft.record_mall":1,"stat.killEntity.Chicken":3,"stat.killEntity.Spider":38,"stat.craftItem.exnihiloadscensio.hammerDiamond":18,"stat.pickup.exnihiloadscensio.blockDust":602,"stat.useItem.excompressum.wooden_crucible":6,"stat.craftItem.extrautils2.trashcan":1,"stat.pickup.mysticalagriculture.soulstone":2,"stat.craftItem.mysticalagriculture.mystical_tool_rod":1,"stat.drop.moreshears.stoneShears":1,"stat.pickup.chiselsandbits.bit_bag":1,"stat.mineBlock.minecraft.leaves":8756,"stat.mineBlock.tconstruct.seared":3,"stat.useItem.actuallyadditions.blockAtomicReconstructor":1,"stat.useItem.actuallyadditions.blockCoalGenerator":6,"stat.useItem.enderio.blockAlloySmelter":1,"stat.craftItem.minecraft.experience_bottle":1900,"stat.mineBlock.minecraft.stone":2,"stat.useItem.tconstruct.smeltery_controller":1,"stat.useItem.excompressum.auto_compressed_hammer":1}