{"stat.chestOpened":39,"stat.useItem.exnihiloadscensio.itemMaterial":28,"stat.pickup.exnihiloadscensio.blockBarrel0":1,"stat.craftItem.exnihiloadscensio.hammerStone":9,"stat.useItem.minecraft.stone":17,"stat.pickup.minecraft.gravel":524,"stat.mineBlock.exnihiloadscensio.blockInfestedLeaves":104,"stat.leaveGame":1,"stat.useItem.extrautils2.compressedcobblestone":54,"stat.pickup.minecraft.stone_pickaxe":1,"stat.pickup.minecraft.flint":2,"stat.useItem.minecraft.apple":11,"stat.craftItem.minecraft.flint":3,"stat.craftItem.excompressum.compressed_hammer_stone":1,"stat.useItem.minecraft.clay":19,"stat.pickup.exnihiloadscensio.itemOreNickel":8,"stat.craftItem.extrautils2.compressedcobblestone":54,"stat.pickup.tconstruct.lumberaxe":1,"stat.mineBlock.extrautils2.compressedcobblestone":58,"stat.jump":380,"stat.swimOneCm":192,"stat.pickup.minecraft.coal":60,"stat.fallOneCm":3241,"stat.pickup.minecraft.iron_ingot":39,"stat.crouchOneCm":944,"stat.pickup.minecraft.glass":17,"stat.pickup.exnihiloadscensio.itemOreAluminium":7,"stat.craftItem.exnihiloadscensio.itemOreGold":3,"achievement.exploreAllBiomes":{"value":0,"progress":["ForestHills","Forest"]},"stat.useItem.minecraft.water_bucket":3,"stat.pickup.immersiveengineering.stoneDecoration":1,"stat.pickup.minecraft.sand":147,"stat.useItem.immersiveengineering.stoneDecoration":27,"stat.useItem.minecraft.sapling":8,"stat.useItem.tconstruct.lumberaxe":26,"stat.mineBlock.exnihiloadscensio.blockBarrel0":1,"stat.pickup.minecraft.leaves":77,"stat.damageTaken":20,"stat.craftItem.exnihiloadscensio.crookWood":5,"stat.mineBlock.minecraft.torch":3,"stat.pickup.exnihiloadscensio.itemMaterial":33,"stat.useItem.minecraft.reeds":3,"stat.useItem.excompressum.compressed_crook":166,"stat.pickup.minecraft.dye":29,"stat.mineBlock.minecraft.clay":19,"stat.pickup.minecraft.reeds":3,"stat.flyOneCm":63796,"stat.useItem.exnihiloadscensio.blockBarrel0":5,"stat.pickup.exnihiloadscensio.itemOreIron":30,"stat.mineBlock.minecraft.gravel":2,"stat.useItem.extrautils2.compressedgravel":16,"stat.craftItem.exnihiloadscensio.blockBarrel0":4,"stat.craftItem.extrautils2.compressedsand":9,"stat.useItem.minecraft.stone_pickaxe":18,"stat.craftItem.minecraft.wooden_slab":12,"stat.craftItem.extrautils2.grocket":4,"stat.useItem.harvestcraft.donutItem":1,"stat.pickup.extrautils2.compressedgravel":1,"stat.damageDealt":60,"stat.craftItem.extrautils2.pipe":16,"stat.timeSinceDeath":92375,"stat.hopperInspected":1,"stat.pickup.integrateddynamics.on_the_dynamics_of_integration":1,"stat.mineBlock.excompressum.heavy_sieve":6,"stat.pickup.excompressum.heavy_sieve":6,"stat.craftItem.minecraft.stone_slab":30,"stat.useItem.excompressum.heavy_sieve":15,"stat.killEntity.Bat":1,"stat.walkOneCm":218939,"stat.craftItem.immersiveengineering.stoneDecoration":27,"stat.useItem.minecraft.torch":3,"stat.pickup.minecraft.stick":46,"stat.pickup.exnihiloadscensio.itemOreGold":36,"stat.useItem.moreshears.stoneShears":84,"stat.useItem.extrautils2.grocket":1,"stat.pickup.minecraft.clay_ball":76,"stat.craftItem.extrautils2.compressedgravel":57,"stat.furnaceInteraction":45,"stat.drop.immersiveengineering.stoneDecoration":1,"stat.useItem.minecraft.gravel":2,"stat.pickup.moreshears.stoneShears":2,"stat.craftItem.exnihiloadscensio.itemOreIron":3,"ftbl.stat.last_seen":{"value":0,"progress":1590089711512},"stat.mineBlock.chisel.stonebrick":17,"stat.craftItem.exnihiloadscensio.itemMesh":10,"stat.pickup.minecraft.string":183,"stat.pickup.minecraft.log":100,"stat.craftItem.excompressum.compressed_crook":1,"stat.useItem.extrautils2.pipe":5,"stat.pickup.exnihiloadscensio.itemOreSilver":7,"stat.pickup.chisel.stonebrick":17,"stat.craftItem.minecraft.gold_ingot":1,"stat.pickup.exnihiloadscensio.itemOreLead":5,"achievement.mineWood":41,"stat.craftItem.chisel.chisel_iron":1,"stat.craftItem.excompressum.heavy_sieve":9,"stat.pickup.minecraft.sapling":50,"stat.sprintOneCm":95826,"stat.pickup.exnihiloadscensio.itemOreCopper":12,"stat.pickup.minecraft.apple":12,"stat.pickup.immersiveengineering.tool":2,"stat.craftItem.minecraft.stick":72,"achievement.openInventory":216,"stat.craftItem.minecraft.planks":76,"stat.craftItem.minecraft.stone":17,"achievement.environmentaltech.open_guide":2,"stat.useItem.excompressum.compressed_hammer_stone":88,"stat.pickup.exnihiloadscensio.blockDust":81,"stat.mobKills":1,"ftbl.stat.first_joined":{"value":0,"progress":1590086847003},"stat.mineBlock.minecraft.log":42,"stat.pickup.stevescarts.CartModule":1,"stat.pickup.minecraft.water_bucket":1,"stat.useItem.extrautils2.compressedsand":9,"stat.pickup.minecraft.diamond":5,"stat.drop":1,"stat.mineBlock.minecraft.leaves":230,"stat.playOneMinute":92375,"stat.pickup.minecraft.torch":4,"stat.sneakTime":849,"stat.mineBlock.extrautils2.compressedsand":9,"stat.breakItem.moreshears.stoneShears":1,"stat.mineBlock.extrautils2.compressedgravel":16,"stat.craftItem.immersiveengineering.metal":2,"stat.craftItem.minecraft.brick":36,"stat.pickup.extrautils2.pipe":1,"stat.craftItem.minecraft.sandstone":15}