{"stat.pickup.actuallyadditions.itemDust":3,"stat.pickup.minecraft.wooden_slab":29,"stat.drop.excompressum.compressed_hammer_stone":2,"stat.leaveGame":2,"stat.pickup.betterbuilderswands.wandDiamond":1,"stat.craftItem.excompressum.compressed_hammer_stone":5,"stat.mineBlock.extrautils2.compressedcobblestone":455,"stat.useItem.minecraft.planks":41,"stat.pickup.minecraft.glowstone_dust":10,"stat.pickup.minecraft.blaze_powder":16,"stat.pickup.minecraft.glass":15,"stat.mineBlock.gravestone.gravestone":1,"stat.craftItem.exnihiloadscensio.itemOreGold":10,"stat.useItem.minecraft.water_bucket":9,"stat.pickup.minecraft.rotten_flesh":27,"stat.pickup.minecraft.sand":529,"stat.craftItem.minecraft.stone_axe":1,"stat.breakItem.exnihiloadscensio.hammerWood":2,"stat.craftItem.exnihiloadscensio.blockCrucible":6,"achievement.diamonds":21,"stat.pickup.minecraft.bucket":1,"stat.mineBlock.minecraft.wooden_slab":28,"stat.craftItem.tconstruct.casting":2,"stat.useItem.exnihiloadscensio.blockCrucible":3,"stat.mineBlock.minecraft.sand":50,"achievement.buildPickaxe":2,"stat.killEntity.Witch":1,"stat.drop.tconstruct.lumberaxe":2,"stat.craftItem.exnihiloadscensio.blockBarrel1":1,"stat.craftItem.exnihiloadscensio.blockBarrel0":15,"stat.craftItem.excompressum.compressed_hammer_diamond":2,"stat.pickup.actuallyadditions.itemFlaxSeed":5,"stat.craftItem.excompressum.bait":3,"achievement.buildBetterPickaxe":2,"stat.pickup.actuallyadditions.itemBooklet":1,"stat.hopperInspected":3,"stat.useItem.exnihiloadscensio.itemSeedCarrot":12,"stat.pickup.exnihiloadscensio.itemSeedAcacia":1,"stat.useItem.excompressum.heavy_sieve":1,"stat.craftItem.minecraft.bed":1,"stat.craftItem.minecraft.glass_pane":16,"stat.useItem.moreshears.stoneShears":512,"stat.craftItem.tp.iron_cobblegen_block":1,"stat.furnaceInteraction":196,"stat.craftItem.exnihiloadscensio.itemOreIron":149,"stat.craftItem.exnihiloadscensio.itemMesh":5,"stat.drop.betterbuilderswands.wandStone":1,"stat.craftItem.excompressum.compressed_crook":12,"achievement.mineWood":606,"achievement.openInventory":891,"stat.craftItem.actuallyadditions.blockMisc":2,"stat.pickup.exnihiloadscensio.itemSeedOak":1,"stat.craftItem.minecraft.sand":18,"stat.pickup.minecraft.pumpkin_seeds":2,"stat.useItem.minecraft.hopper":2,"stat.pickup.minecraft.emerald":2,"stat.useItem.minecraft.dye":6,"stat.craftItem.minecraft.heavy_weighted_pressure_plate":2,"stat.drop.betterbuilderswands.wandDiamond":2,"stat.deaths":1,"stat.useItem.tconstruct.smeltery_io":2,"stat.playOneMinute":555765,"stat.craftItem.enderio.itemMaterial":24,"stat.useItem.minecraft.shears":240,"stat.useItem.enderio.itemPowerConduit":8,"stat.useItem.tp.iron_cobblegen_block":1,"stat.craftItem.immersiveengineering.metal":36,"stat.pickup.exnihiloadscensio.itemMesh":9,"stat.pickup.tconstruct.seared":3,"stat.chestOpened":398,"stat.craftItem.actuallyadditions.itemSwordEmerald":1,"stat.craftItem.immersiveengineering.metalDecoration2":3,"stat.useItem.minecraft.stone":3,"stat.craftItem.tp.cobblegen_block":2,"stat.pickup.minecraft.arrow":10,"stat.pickup.extrautils2.compressedcobblestone":3,"stat.useItem.tp.cobblegen_block":3,"stat.pickup.exnihiloadscensio.itemSeedBirch":1,"stat.breakItem.excompressum.compressed_crook":9,"stat.craftItem.minecraft.flint":38,"stat.craftItem.snad.snad":9,"stat.useItem.snad.snad":5,"stat.useItem.minecraft.clay":8,"stat.craftItem.excompressum.auto_heavy_sieve":1,"stat.craftItem.minecraft.coal":76,"stat.pickup.exnihiloadscensio.itemOreNickel":161,"stat.fallOneCm":60413,"stat.drop.minecraft.stone":5,"stat.pickup.excompressum.compressed_crook":1,"stat.pickup.minecraft.carrot":10,"stat.pickup.minecraft.melon_seeds":3,"stat.crouchOneCm":73748,"stat.craftItem.tconstruct.toolforge":1,"stat.craftItem.minecraft.chest":10,"stat.craftItem.minecraft.iron_ingot":189,"stat.craftItem.minecraft.hopper":2,"stat.craftingTableInteraction":6,"stat.craftItem.enderio.blockSagMill":1,"stat.mineBlock.exnihiloadscensio.blockBarrel0":2,"stat.craftItem.tconstruct.pattern":27,"stat.pickup.exnihiloadscensio.itemMaterial":349,"stat.useItem.minecraft.furnace":17,"stat.useItem.minecraft.reeds":3,"stat.pickup.exnihiloadscensio.itemSeedDarkOak":4,"stat.craftItem.betterbuilderswands.wandDiamond":2,"stat.craftItem.tconstruct.materials":336,"stat.useItem.excompressum.compressed_crook":6254,"stat.pickup.minecraft.dye":207,"stat.pickup.minecraft.planks":8,"stat.craftItem.moreshears.stoneShears":10,"stat.drop.snad.snad":5,"stat.pickup.minecraft.wheat_seeds":7,"stat.mineBlock.minecraft.gravel":148,"stat.useItem.minecraft.stone_pickaxe":40,"stat.craftItem.tconstruct.seared_tank":1,"stat.useItem.minecraft.enchanting_table":1,"stat.useItem.exnihiloadscensio.hammerWood":160,"stat.pickup.exnihiloadscensio.itemSeedPotato":5,"stat.useItem.minecraft.torch":188,"stat.pickup.minecraft.crafting_table":2,"stat.useItem.minecraft.log":43,"stat.useItem.minecraft.cobblestone":284,"stat.craftItem.minecraft.crafting_table":5,"stat.craftItem.extrautils2.compressedgravel":474,"stat.craftItem.enderio.itemMachinePart":2,"stat.useItem.minecraft.gravel":148,"stat.craftItem.ceramics.clay_bucket":3,"stat.pickup.excompressum.bait":3,"stat.pickup.minecraft.log":978,"stat.drop.immersiveengineering.tool":1,"stat.drop.minecraft.chicken":1,"stat.drop.excompressum.compressed_crook":1,"stat.pickup.exnihiloadscensio.itemOreLead":165,"stat.craftItem.minecraft.gold_ingot":18,"stat.drop.minecraft.sapling":23,"stat.pickup.minecraft.chicken":2,"stat.craftItem.betterbuilderswands.wandStone":1,"stat.pickup.minecraft.sapling":1361,"stat.pickup.exnihiloadscensio.itemOreCopper":12,"stat.craftItem.exnihiloadscensio.itemOreCopper":3,"stat.pickup.minecraft.apple":129,"stat.craftItem.immersiveengineering.tool":1,"stat.craftItem.tconstruct.smeltery_controller":1,"stat.craftItem.minecraft.bucket":2,"stat.craftItem.minecraft.planks":1365,"stat.craftItem.enderio.blockAlloySmelter":1,"stat.mineBlock.exnihiloadscensio.blockDust":1,"stat.mineBlock.minecraft.log":939,"ftbl.stat.first_joined":{"value":0,"progress":1590002759982},"stat.craftItem.minecraft.wooden_door":3,"stat.useItem.minecraft.stone_hoe":10,"stat.useItem.minecraft.wooden_door":2,"achievement.acquireIron":49,"stat.craftItem.minecraft.paper":24,"stat.sneakTime":25501,"stat.pickup.minecraft.wool":1,"stat.drop.minecraft.bucket":1,"stat.craftItem.exnihiloadscensio.itemMaterial":21,"stat.mineBlock.extrautils2.compressedgravel":53,"stat.useItem.minecraft.wooden_axe":154,"stat.pickup.minecraft.stone_slab":6,"stat.pickup.actuallyadditions.itemRiceSeed":3,"stat.craftItem.minecraft.cobblestone":253,"stat.craftItem.minecraft.enchanting_table":1,"stat.drop.minecraft.stone_pickaxe":1,"stat.pickup.minecraft.bone":9,"stat.pickup.exnihiloadscensio.blockBarrel0":2,"stat.killEntity.headcrumbs.Human":11,"stat.craftItem.ceramics.unfired_clay":3,"stat.drop.exnihiloadscensio.itemMesh":2,"stat.mineBlock.minecraft.cobblestone":86,"stat.useItem.tconstruct.mattock":253,"stat.pickup.minecraft.flint":7,"stat.craftItem.tconstruct.faucet":2,"stat.craftItem.minecraft.wool":3,"stat.useItem.minecraft.diamond_sword":147,"stat.craftItem.extrautils2.compressedcobblestone":537,"stat.swimOneCm":1642,"stat.drop.minecraft.cobblestone":209,"achievement.buildWorkBench":5,"stat.useItem.exnihiloadscensio.crookWood":63,"stat.useItem.minecraft.dirt":30,"achievement.exploreAllBiomes":{"value":0,"progress":["ForestHills","Forest"]},"stat.craftItem.minecraft.furnace":20,"stat.useItem.tconstruct.lumberaxe":508,"stat.pickup.tp.cobblegen_block":1,"stat.craftItem.minecraft.stone_pickaxe":1,"stat.drop.actuallyadditions.itemSwordEmerald":1,"stat.pickup.minecraft.cobblestone":39,"stat.mineBlock.minecraft.clay":8,"stat.useItem.exnihiloadscensio.blockBarrel0":17,"stat.flyOneCm":608085,"stat.pickup.minecraft.clay":1,"stat.useItem.exnihiloadscensio.blockBarrel1":1,"stat.craftItem.actuallyadditions.itemMisc":3,"stat.useItem.extrautils2.compressedgravel":53,"stat.craftItem.minecraft.wooden_slab":1566,"stat.craftItem.extrautils2.compresseddirt":1,"stat.pickup.minecraft.redstone":16,"stat.craftItem.minecraft.book":1,"stat.timeSinceDeath":244774,"stat.useItem.exnihiloadscensio.blockDust":1,"stat.drop.exnihiloadscensio.itemMaterial":29,"stat.useItem.minecraft.wooden_slab":86,"stat.pickup.integrateddynamics.on_the_dynamics_of_integration":1,"stat.pickup.minecraft.mutton":1,"stat.craftItem.minecraft.iron_block":4,"stat.mineBlock.excompressum.bait":3,"stat.craftItem.exnihiloadscensio.hammerWood":3,"stat.useItem.minecraft.lever":2,"stat.drop.excompressum.compressed_block":4,"stat.pickup.exnihiloadscensio.itemOreGold":220,"stat.useItem.enderio.blockSagMill":1,"stat.craftItem.tconstruct.seared":72,"stat.pickup.integrateddynamics.menrilSapling":8,"stat.craftItem.excompressum.auto_compressed_hammer":1,"stat.killEntity.Creeper":2,"stat.craftItem.minecraft.stone_hoe":1,"stat.craftItem.tconstruct.soil":336,"stat.pickup.minecraft.string":70,"stat.pickup.exnihiloadscensio.itemOreSilver":8,"stat.pickup.excompressum.compressed_hammer_stone":2,"achievement.buildSword":3,"stat.craftItem.tconstruct.tooltables":8,"stat.craftItem.excompressum.heavy_sieve":2,"stat.breakItem.excompressum.compressed_hammer_stone":1,"stat.sprintOneCm":596249,"stat.mineBlock.minecraft.stone_slab":3,"stat.craftItem.minecraft.stick":464,"stat.craftItem.minecraft.wooden_axe":3,"stat.useItem.minecraft.stone_slab":51,"stat.useItem.minecraft.bed":2,"stat.craftItem.minecraft.stone":72,"stat.craftItem.minecraft.gold_nugget":18,"stat.useItem.tconstruct.casting":2,"stat.mineBlock.minecraft.crafting_table":2,"stat.useItem.minecraft.carrot":6,"stat.useItem.excompressum.compressed_hammer_stone":527,"stat.useItem.ceramics.clay_bucket":5,"achievement.killEnemy":40,"stat.useItem.tconstruct.seared_tank":1,"stat.breakItem.minecraft.shears":2,"stat.pickup.minecraft.sugar":1,"achievement.buildFurnace":38,"stat.mineBlock.minecraft.planks":16,"stat.useItem.extrautils2.compressedsand":30,"stat.drop":48,"stat.craftItem.excompressum.wooden_crucible":6,"stat.killEntity.Sheep":1,"stat.craftItem.ironchest.woodIronUpgrade":1,"stat.useItem.tconstruct.seared":35,"stat.mineBlock.extrautils2.compressedsand":30,"stat.breakItem.moreshears.stoneShears":7,"stat.killEntity.Zombie":21,"stat.craftItem.minecraft.dye":24,"stat.pickup.tconstruct.tooltables":1,"stat.craftItem.minecraft.piston":1,"stat.useItem.exnihiloadscensio.itemMaterial":12,"stat.pickup.exnihiloadscensio.itemSeedJungle":3,"achievement.buildHoe":5,"stat.craftItem.exnihiloadscensio.hammerStone":36,"stat.useItem.excompressum.bait":6,"stat.mineBlock.exnihiloadscensio.blockInfestedLeaves":56,"stat.pickup.minecraft.gravel":4251,"stat.useItem.extrautils2.compressedcobblestone":459,"stat.useItem.minecraft.apple":105,"stat.breakItem.minecraft.wooden_axe":2,"stat.pickup.minecraft.obsidian":6,"stat.pickup.exnihiloadscensio.itemPebble":486,"stat.useItem.minecraft.rotten_flesh":26,"stat.drop.minecraft.apple":15,"stat.pickup.minecraft.diamond_sword":2,"stat.craftItem.minecraft.diamond_sword":1,"stat.jump":3746,"stat.useItem.minecraft.sand":50,"stat.craftItem.enderio.itemPowerConduit":8,"stat.pickup.minecraft.coal":364,"stat.useItem.tconstruct.tooltables":7,"stat.pickup.minecraft.iron_ingot":3,"stat.craftItem.minecraft.lever":2,"stat.useItem.minecraft.stone_axe":34,"stat.useItem.exnihiloadscensio.itemSeedSugarcane":4,"stat.drop.minecraft.diamond_sword":1,"stat.pickup.minecraft.gunpowder":31,"stat.pickup.exnihiloadscensio.itemOreAluminium":7,"stat.killEntity.Rooster":1,"stat.craftItem.minecraft.torch":208,"stat.craftItem.exnihiloadscensio.itemOreLead":5,"stat.pickup.minecraft.dirt":247,"stat.drop.minecraft.glass":17,"stat.pickup.exnihiloadscensio.itemSeedSugarcane":4,"stat.pickup.actuallyadditions.itemCanolaSeed":5,"stat.useItem.minecraft.sapling":140,"stat.useItem.betterbuilderswands.wandStone":20,"stat.mineBlock.tconstruct.tooltables":1,"stat.pickup.minecraft.leaves":745,"stat.damageTaken":1010,"stat.craftItem.minecraft.iron_bars":16,"stat.craftItem.exnihiloadscensio.crookWood":46,"stat.mineBlock.minecraft.torch":53,"stat.pickup.immersiveengineering.metal":2,"stat.drop.minecraft.water_bucket":1,"stat.mineBlock.minecraft.sapling":1,"stat.craftItem.minecraft.glowstone":4,"stat.pickup.minecraft.reeds":34,"stat.pickup.minecraft.bed":1,"stat.pickup.exnihiloadscensio.itemOreIron":442,"stat.pickup.minecraft.potato":1,"stat.entityKilledBy.Zombie":1,"stat.craftItem.extrautils2.compressedsand":68,"stat.craftItem.exnihiloadscensio.blockSieve":1,"stat.craftItem.minecraft.glass":26,"stat.damageDealt":7131,"stat.pickup.exnihiloadscensio.itemSeedCarrot":12,"stat.craftItem.minecraft.cauldron":1,"stat.sleepInBed":29,"stat.pickup.snad.snad":2,"stat.drop.stevescarts.CartModule":1,"stat.useItem.excompressum.compressed_hammer_diamond":12,"stat.useItem.minecraft.crafting_table":2,"stat.craftItem.minecraft.gravel":27,"stat.useItem.excompressum.auto_heavy_sieve":1,"stat.craftItem.immersiveengineering.storage":2,"stat.craftItem.enderio.itemBasicCapacitor":3,"stat.craftItem.minecraft.stone_slab":366,"stat.walkOneCm":1290043,"stat.craftItem.excompressum.compressed_block":43,"stat.useItem.minecraft.chest":8,"stat.craftItem.tconstruct.smeltery_io":2,"stat.pickup.minecraft.stick":9,"stat.pickup.minecraft.clay_ball":32,"achievement.enchantments":2,"stat.useItem.minecraft.lava_bucket":2,"stat.craftItem.enderio.itemAlloy":4,"ftbl.stat.last_seen":{"value":0,"progress":1590085113209},"stat.pickup.mysticalagriculture.inferium_essence":14,"stat.useItem.tconstruct.faucet":2,"stat.useItem.betterbuilderswands.wandDiamond":242,"stat.useItem.exnihiloadscensio.blockSieve":1,"stat.craftItem.actuallyadditions.blockCoalGenerator":2,"stat.pickup.minecraft.stone":2,"stat.pickup.minecraft.gold_ingot":16,"stat.killEntity.Skeleton":1,"stat.killEntity.Chicken":3,"stat.pickup.actuallyadditions.itemCoffeeSeed":5,"stat.killEntity.Spider":4,"stat.craftItem.exnihiloadscensio.hammerDiamond":18,"stat.pickup.exnihiloadscensio.blockDust":377,"stat.mobKills":46,"stat.craftItem.minecraft.shears":2,"stat.useItem.excompressum.wooden_crucible":6,"stat.pickup.stevescarts.CartModule":2,"stat.drop.moreshears.stoneShears":1,"stat.pickup.minecraft.diamond":47,"stat.mineBlock.minecraft.leaves":7835,"stat.pickup.minecraft.beetroot_seeds":6,"stat.pickup.minecraft.torch":53,"stat.mineBlock.tconstruct.seared":3,"stat.useItem.actuallyadditions.blockCoalGenerator":2,"stat.mineBlock.tp.cobblegen_block":2,"stat.useItem.enderio.blockAlloySmelter":1,"stat.useItem.tconstruct.toolforge":1,"stat.mineBlock.minecraft.stone":2,"stat.useItem.tconstruct.smeltery_controller":1,"stat.craftItem.immersiveengineering.treatedWood":8,"stat.useItem.excompressum.auto_compressed_hammer":1}