{"stat.chestOpened":45,"stat.pickup.actuallyadditions.itemDust":27,"stat.pickup.minecraft.wooden_slab":13,"stat.craftItem.exnihiloadscensio.hammerStone":9,"stat.pickup.minecraft.gravel":442,"stat.mineBlock.exnihiloadscensio.blockInfestedLeaves":2,"stat.useItem.extrautils2.compressedcobblestone":49,"stat.mineBlock.minecraft.cobblestone":7,"stat.useItem.minecraft.apple":12,"stat.pickup.minecraft.obsidian":2,"stat.craftItem.stevescarts.ModuleComponents":2,"stat.craftItem.excompressum.compressed_hammer_stone":2,"stat.useItem.snad.snad":3,"stat.pickup.exnihiloadscensio.itemOreNickel":16,"stat.craftItem.extrautils2.compressedcobblestone":49,"stat.pickup.tconstruct.lumberaxe":1,"stat.mineBlock.extrautils2.compressedcobblestone":49,"stat.jump":660,"stat.swimOneCm":1810,"stat.useItem.minecraft.sand":29,"stat.pickup.minecraft.coal":83,"stat.fallOneCm":13062,"stat.pickup.minecraft.glowstone_dust":11,"stat.useItem.minecraft.stone_axe":65,"stat.pickup.minecraft.gunpowder":20,"stat.crouchOneCm":7611,"stat.pickup.minecraft.blaze_powder":12,"stat.craftItem.minecraft.iron_ingot":18,"stat.craftItem.minecraft.torch":76,"stat.pickup.minecraft.dirt":30,"stat.useItem.minecraft.dirt":29,"achievement.exploreAllBiomes":{"value":0,"progress":["ForestHills","Forest"]},"stat.useItem.minecraft.water_bucket":28,"stat.useItem.minecraft.cooked_chicken":1,"stat.pickup.minecraft.sand":20,"stat.pickup.excompressum.compressed_block":4,"stat.useItem.minecraft.sapling":7,"stat.useItem.tconstruct.lumberaxe":5,"stat.pickup.minecraft.leaves":44,"stat.craftItem.minecraft.stone_axe":1,"stat.breakItem.excompressum.compressed_hammer_wood":1,"stat.pickup.minecraft.bucket":2,"stat.craftItem.exnihiloadscensio.crookWood":11,"stat.mineBlock.minecraft.torch":2,"stat.craftItem.minecraft.stone_pickaxe":1,"stat.useItem.minecraft.reeds":3,"stat.pickup.exnihiloadscensio.itemMaterial":21,"stat.pickup.minecraft.cobblestone":10,"stat.useItem.excompressum.compressed_crook":401,"stat.pickup.minecraft.dye":38,"stat.pickup.minecraft.reeds":4,"stat.flyOneCm":165110,"stat.pickup.exnihiloadscensio.itemOreIron":39,"stat.mineBlock.minecraft.sand":29,"stat.mineBlock.minecraft.gravel":21,"stat.useItem.minecraft.stone_pickaxe":12,"stat.useItem.harvestcraft.donutItem":2,"stat.craftItem.minecraft.wooden_slab":6,"stat.pickup.extrautils2.compressedgravel":7,"stat.pickup.minecraft.redstone":2,"stat.pickup.snad.snad":4,"stat.drop.stevescarts.CartModule":5,"stat.timeSinceDeath":97398,"stat.drop.minecraft.diamond":18,"stat.pickup.integrateddynamics.on_the_dynamics_of_integration":1,"stat.useItem.minecraft.wooden_slab":83,"stat.craftItem.minecraft.stone_slab":6,"stat.walkOneCm":212159,"stat.useItem.minecraft.torch":43,"stat.craftItem.excompressum.compressed_block":19,"stat.craftItem.exnihiloadscensio.hammerWood":9,"stat.pickup.exnihiloadscensio.itemOreGold":73,"stat.useItem.minecraft.log":24,"stat.useItem.minecraft.cobblestone":9,"stat.furnaceInteraction":13,"stat.craftItem.extrautils2.compressedgravel":49,"stat.useItem.minecraft.gravel":21,"stat.useItem.minecraft.lava_bucket":1,"stat.craftItem.exnihiloadscensio.itemOreIron":11,"stat.craftItem.minecraft.stone_hoe":1,"ftbl.stat.last_seen":{"value":0,"progress":1590087435707},"stat.drop.minecraft.stone_slab":1,"stat.pickup.minecraft.log":61,"stat.craftItem.excompressum.compressed_crook":3,"stat.craftItem.excompressum.compressed_hammer_wood":1,"stat.useItem.tconstruct.edible":2,"stat.useItem.minecraft.cooked_mutton":1,"stat.pickup.exnihiloadscensio.itemOreLead":18,"stat.drop.minecraft.sapling":3,"achievement.mineWood":57,"stat.pickup.minecraft.sapling":115,"stat.sprintOneCm":156140,"stat.mineBlock.minecraft.stone_slab":5,"stat.pickup.minecraft.apple":16,"stat.craftItem.minecraft.stick":100,"stat.drop.minecraft.clay":1,"stat.useItem.minecraft.stone_slab":11,"stat.useItem.excompressum.compressed_hammer_wood":61,"achievement.openInventory":106,"stat.craftItem.minecraft.planks":44,"stat.drop.minecraft.leaves":1,"stat.useItem.excompressum.compressed_hammer_stone":39,"stat.pickup.exnihiloadscensio.blockDust":29,"stat.pickup.minecraft.emerald":2,"ftbl.stat.first_joined":{"value":0,"progress":1590087435707},"stat.mineBlock.minecraft.log":53,"stat.craftItem.minecraft.cooked_chicken":1,"stat.pickup.stevescarts.CartModule":4,"stat.craftItem.stevescarts.CartModule":1,"stat.pickup.minecraft.diamond":24,"stat.drop":30,"stat.mineBlock.minecraft.leaves":419,"stat.playOneMinute":97398,"stat.pickup.minecraft.torch":4,"stat.craftItem.ironchest.woodIronUpgrade":4,"stat.sneakTime":2852,"stat.drop.minecraft.bucket":1,"stat.pickup.minecraft.stone_slab":8,"stat.craftItem.minecraft.cooked_mutton":1,"stat.pickup.actuallyadditions.itemSwordEmerald":1}