{"stat.pickup.actuallyadditions.itemDust":3,"stat.pickup.minecraft.bone":7,"stat.pickup.exnihiloadscensio.blockBarrel0":2,"stat.pickup.minecraft.wooden_slab":10,"stat.killEntity.headcrumbs.Human":9,"stat.drop.excompressum.compressed_hammer_stone":1,"stat.craftItem.ceramics.unfired_clay":3,"stat.drop.exnihiloadscensio.itemMesh":2,"stat.leaveGame":1,"stat.pickup.betterbuilderswands.wandDiamond":1,"stat.mineBlock.minecraft.cobblestone":78,"stat.useItem.tconstruct.mattock":253,"stat.pickup.minecraft.flint":7,"stat.craftItem.tconstruct.faucet":2,"stat.craftItem.minecraft.wool":3,"stat.craftItem.excompressum.compressed_hammer_stone":4,"stat.useItem.minecraft.diamond_sword":131,"stat.craftItem.extrautils2.compressedcobblestone":316,"stat.mineBlock.extrautils2.compressedcobblestone":316,"stat.swimOneCm":58,"stat.useItem.minecraft.planks":41,"stat.drop.minecraft.cobblestone":209,"achievement.buildWorkBench":4,"stat.pickup.minecraft.glowstone_dust":8,"stat.useItem.exnihiloadscensio.crookWood":63,"stat.pickup.minecraft.blaze_powder":7,"stat.mineBlock.gravestone.gravestone":1,"stat.craftItem.exnihiloadscensio.itemOreGold":10,"stat.useItem.minecraft.dirt":17,"achievement.exploreAllBiomes":{"value":0,"progress":["ForestHills","Forest"]},"stat.pickup.minecraft.rotten_flesh":25,"stat.pickup.minecraft.sand":421,"stat.craftItem.minecraft.furnace":20,"stat.useItem.tconstruct.lumberaxe":434,"stat.pickup.tp.cobblegen_block":1,"stat.craftItem.minecraft.stone_axe":1,"stat.breakItem.exnihiloadscensio.hammerWood":2,"stat.craftItem.exnihiloadscensio.blockCrucible":2,"achievement.diamonds":7,"stat.craftItem.minecraft.stone_pickaxe":1,"stat.pickup.minecraft.cobblestone":31,"stat.mineBlock.minecraft.wooden_slab":1,"stat.craftItem.tconstruct.casting":2,"stat.useItem.exnihiloadscensio.blockCrucible":1,"stat.mineBlock.minecraft.clay":4,"stat.useItem.exnihiloadscensio.blockBarrel0":17,"stat.flyOneCm":314046,"stat.craftItem.actuallyadditions.itemMisc":3,"stat.mineBlock.minecraft.sand":50,"achievement.buildPickaxe":2,"stat.craftItem.exnihiloadscensio.blockBarrel0":15,"stat.useItem.extrautils2.compressedgravel":41,"stat.craftItem.minecraft.wooden_slab":1566,"stat.craftItem.extrautils2.compresseddirt":1,"stat.pickup.actuallyadditions.itemFlaxSeed":5,"stat.craftItem.excompressum.bait":3,"stat.pickup.minecraft.redstone":10,"achievement.buildBetterPickaxe":2,"stat.pickup.actuallyadditions.itemBooklet":1,"stat.timeSinceDeath":74281,"stat.useItem.exnihiloadscensio.blockDust":1,"stat.hopperInspected":3,"stat.useItem.minecraft.wooden_slab":86,"stat.pickup.integrateddynamics.on_the_dynamics_of_integration":1,"stat.pickup.minecraft.mutton":1,"stat.pickup.exnihiloadscensio.itemSeedAcacia":1,"stat.craftItem.minecraft.iron_block":4,"stat.useItem.excompressum.heavy_sieve":1,"stat.craftItem.minecraft.bed":1,"stat.mineBlock.excompressum.bait":3,"stat.craftItem.exnihiloadscensio.hammerWood":3,"stat.useItem.minecraft.lever":2,"stat.pickup.exnihiloadscensio.itemOreGold":181,"stat.useItem.moreshears.stoneShears":380,"stat.useItem.enderio.blockSagMill":1,"stat.craftItem.tconstruct.seared":72,"stat.craftItem.tp.iron_cobblegen_block":1,"stat.furnaceInteraction":145,"stat.pickup.integrateddynamics.menrilSapling":8,"stat.craftItem.exnihiloadscensio.itemOreIron":108,"stat.killEntity.Creeper":2,"stat.craftItem.tconstruct.soil":336,"stat.craftItem.exnihiloadscensio.itemMesh":5,"stat.drop.betterbuilderswands.wandStone":1,"stat.pickup.minecraft.string":70,"stat.craftItem.excompressum.compressed_crook":12,"stat.pickup.exnihiloadscensio.itemOreSilver":8,"stat.pickup.excompressum.compressed_hammer_stone":2,"achievement.buildSword":2,"achievement.mineWood":562,"stat.craftItem.tconstruct.tooltables":7,"stat.craftItem.excompressum.heavy_sieve":1,"stat.breakItem.excompressum.compressed_hammer_stone":1,"stat.sprintOneCm":358415,"stat.craftItem.minecraft.stick":424,"stat.craftItem.minecraft.wooden_axe":3,"stat.useItem.minecraft.bed":2,"achievement.openInventory":591,"stat.craftItem.minecraft.stone":72,"stat.craftItem.actuallyadditions.blockMisc":1,"stat.craftItem.minecraft.gold_nugget":18,"stat.pickup.exnihiloadscensio.itemSeedOak":1,"stat.craftItem.minecraft.sand":18,"stat.useItem.tconstruct.casting":2,"stat.mineBlock.minecraft.crafting_table":2,"stat.pickup.minecraft.pumpkin_seeds":2,"stat.useItem.excompressum.compressed_hammer_stone":378,"stat.useItem.minecraft.hopper":2,"stat.useItem.ceramics.clay_bucket":5,"stat.drop.betterbuilderswands.wandDiamond":2,"achievement.killEnemy":36,"stat.useItem.tconstruct.seared_tank":1,"stat.breakItem.minecraft.shears":2,"achievement.buildFurnace":38,"stat.mineBlock.minecraft.planks":16,"stat.deaths":1,"stat.useItem.extrautils2.compressedsand":20,"stat.useItem.tconstruct.smeltery_io":2,"stat.drop":13,"stat.playOneMinute":385272,"stat.craftItem.excompressum.wooden_crucible":6,"stat.killEntity.Sheep":1,"stat.useItem.tconstruct.seared":35,"stat.useItem.minecraft.shears":240,"stat.mineBlock.extrautils2.compressedsand":20,"stat.useItem.tp.iron_cobblegen_block":1,"stat.breakItem.moreshears.stoneShears":5,"stat.killEntity.Zombie":20,"stat.craftItem.immersiveengineering.metal":3,"stat.pickup.exnihiloadscensio.itemMesh":8,"stat.pickup.tconstruct.seared":3,"stat.chestOpened":283,"stat.pickup.tconstruct.tooltables":1,"stat.craftItem.minecraft.piston":1,"stat.useItem.exnihiloadscensio.itemMaterial":12,"stat.pickup.exnihiloadscensio.itemSeedJungle":3,"achievement.buildHoe":3,"stat.useItem.minecraft.stone":3,"stat.craftItem.exnihiloadscensio.hammerStone":27,"stat.useItem.excompressum.bait":6,"stat.craftItem.tp.cobblegen_block":2,"stat.mineBlock.exnihiloadscensio.blockInfestedLeaves":56,"stat.pickup.minecraft.gravel":3001,"stat.pickup.minecraft.arrow":10,"stat.useItem.extrautils2.compressedcobblestone":316,"stat.useItem.minecraft.apple":80,"stat.pickup.extrautils2.compressedcobblestone":3,"stat.useItem.tp.cobblegen_block":3,"stat.breakItem.minecraft.wooden_axe":2,"stat.pickup.exnihiloadscensio.itemSeedBirch":1,"stat.breakItem.excompressum.compressed_crook":9,"stat.pickup.exnihiloadscensio.itemPebble":486,"stat.useItem.minecraft.clay":4,"stat.craftItem.minecraft.coal":12,"stat.pickup.exnihiloadscensio.itemOreNickel":161,"stat.useItem.minecraft.rotten_flesh":1,"stat.pickup.minecraft.diamond_sword":1,"stat.craftItem.minecraft.diamond_sword":1,"stat.jump":2219,"stat.useItem.minecraft.sand":50,"stat.pickup.minecraft.coal":324,"stat.fallOneCm":31641,"stat.useItem.tconstruct.tooltables":6,"stat.pickup.minecraft.iron_ingot":3,"stat.drop.minecraft.stone":5,"stat.pickup.excompressum.compressed_crook":1,"stat.craftItem.minecraft.lever":2,"stat.pickup.minecraft.melon_seeds":3,"stat.useItem.minecraft.stone_axe":4,"stat.pickup.minecraft.gunpowder":17,"stat.crouchOneCm":67620,"stat.pickup.exnihiloadscensio.itemOreAluminium":7,"stat.craftItem.tconstruct.toolforge":1,"stat.killEntity.Rooster":1,"stat.craftItem.minecraft.chest":10,"stat.craftItem.minecraft.iron_ingot":117,"stat.craftItem.minecraft.torch":208,"stat.craftItem.exnihiloadscensio.itemOreLead":5,"stat.pickup.minecraft.dirt":234,"stat.craftItem.minecraft.hopper":2,"stat.craftingTableInteraction":6,"stat.craftItem.enderio.blockSagMill":1,"stat.pickup.exnihiloadscensio.itemSeedSugarcane":4,"stat.pickup.actuallyadditions.itemCanolaSeed":5,"stat.useItem.minecraft.sapling":137,"stat.useItem.betterbuilderswands.wandStone":20,"stat.mineBlock.exnihiloadscensio.blockBarrel0":2,"stat.mineBlock.tconstruct.tooltables":1,"stat.pickup.minecraft.leaves":612,"stat.craftItem.tconstruct.pattern":27,"stat.damageTaken":1010,"stat.craftItem.minecraft.iron_bars":16,"stat.craftItem.exnihiloadscensio.crookWood":46,"stat.mineBlock.minecraft.torch":49,"stat.pickup.exnihiloadscensio.itemMaterial":345,"stat.useItem.minecraft.furnace":17,"stat.pickup.exnihiloadscensio.itemSeedDarkOak":4,"stat.craftItem.betterbuilderswands.wandDiamond":2,"stat.craftItem.tconstruct.materials":336,"stat.useItem.excompressum.compressed_crook":6254,"stat.pickup.minecraft.dye":185,"stat.pickup.minecraft.planks":8,"stat.craftItem.moreshears.stoneShears":10,"stat.pickup.minecraft.bed":1,"stat.pickup.exnihiloadscensio.itemOreIron":440,"stat.pickup.minecraft.wheat_seeds":7,"stat.pickup.minecraft.potato":1,"stat.entityKilledBy.Zombie":1,"stat.mineBlock.minecraft.gravel":148,"stat.craftItem.extrautils2.compressedsand":22,"stat.useItem.minecraft.stone_pickaxe":29,"stat.craftItem.tconstruct.seared_tank":1,"stat.craftItem.exnihiloadscensio.blockSieve":1,"stat.craftItem.minecraft.glass":5,"stat.damageDealt":6271,"stat.pickup.exnihiloadscensio.itemSeedCarrot":12,"stat.craftItem.minecraft.cauldron":1,"stat.sleepInBed":26,"stat.useItem.minecraft.crafting_table":2,"stat.useItem.exnihiloadscensio.hammerWood":160,"stat.craftItem.minecraft.gravel":27,"stat.craftItem.enderio.itemBasicCapacitor":3,"stat.pickup.exnihiloadscensio.itemSeedPotato":5,"stat.walkOneCm":882512,"stat.useItem.minecraft.torch":184,"stat.craftItem.excompressum.compressed_block":14,"stat.useItem.minecraft.chest":8,"stat.craftItem.tconstruct.smeltery_io":2,"stat.pickup.minecraft.crafting_table":2,"stat.pickup.minecraft.clay_ball":16,"stat.useItem.minecraft.cobblestone":280,"stat.craftItem.minecraft.crafting_table":4,"stat.craftItem.extrautils2.compressedgravel":297,"stat.craftItem.enderio.itemMachinePart":2,"stat.useItem.minecraft.gravel":148,"stat.craftItem.ceramics.clay_bucket":3,"stat.pickup.excompressum.bait":3,"ftbl.stat.last_seen":{"value":0,"progress":1590069490541},"stat.pickup.minecraft.log":923,"stat.pickup.mysticalagriculture.inferium_essence":13,"stat.useItem.tconstruct.faucet":2,"stat.useItem.betterbuilderswands.wandDiamond":203,"stat.drop.minecraft.chicken":1,"stat.useItem.exnihiloadscensio.blockSieve":1,"stat.craftItem.actuallyadditions.blockCoalGenerator":1,"stat.drop.excompressum.compressed_crook":1,"stat.pickup.exnihiloadscensio.itemOreLead":164,"stat.craftItem.minecraft.gold_ingot":18,"stat.pickup.minecraft.stone":2,"stat.pickup.minecraft.chicken":2,"stat.craftItem.betterbuilderswands.wandStone":1,"stat.pickup.minecraft.sapling":1342,"stat.pickup.exnihiloadscensio.itemOreCopper":12,"stat.craftItem.exnihiloadscensio.itemOreCopper":3,"stat.pickup.minecraft.apple":127,"stat.pickup.minecraft.gold_ingot":16,"stat.craftItem.tconstruct.smeltery_controller":1,"stat.killEntity.Skeleton":1,"stat.craftItem.minecraft.planks":1334,"stat.killEntity.Chicken":3,"stat.pickup.actuallyadditions.itemCoffeeSeed":5,"stat.killEntity.Spider":4,"stat.craftItem.enderio.blockAlloySmelter":1,"stat.mineBlock.exnihiloadscensio.blockDust":1,"stat.pickup.exnihiloadscensio.blockDust":230,"stat.mobKills":42,"stat.mineBlock.minecraft.log":862,"ftbl.stat.first_joined":{"value":0,"progress":1590002759982},"stat.craftItem.minecraft.wooden_door":3,"stat.craftItem.minecraft.shears":2,"stat.useItem.excompressum.wooden_crucible":6,"stat.useItem.minecraft.wooden_door":2,"achievement.acquireIron":36,"stat.pickup.minecraft.diamond":18,"stat.mineBlock.minecraft.leaves":7570,"stat.pickup.minecraft.beetroot_seeds":6,"stat.pickup.minecraft.torch":48,"stat.mineBlock.tconstruct.seared":3,"stat.sneakTime":23427,"stat.pickup.minecraft.wool":1,"stat.useItem.actuallyadditions.blockCoalGenerator":1,"stat.craftItem.exnihiloadscensio.itemMaterial":7,"stat.mineBlock.extrautils2.compressedgravel":41,"stat.mineBlock.tp.cobblegen_block":2,"stat.useItem.enderio.blockAlloySmelter":1,"stat.useItem.minecraft.wooden_axe":154,"stat.pickup.actuallyadditions.itemRiceSeed":3,"stat.useItem.tconstruct.toolforge":1,"stat.craftItem.minecraft.cobblestone":103,"stat.mineBlock.minecraft.stone":2,"stat.useItem.tconstruct.smeltery_controller":1}