{"stat.pickup.actuallyadditions.itemDust":3,"stat.pickup.exnihiloadscensio.blockBarrel0":2,"stat.pickup.minecraft.wooden_slab":10,"stat.craftItem.ceramics.unfired_clay":3,"stat.drop.exnihiloadscensio.itemMesh":2,"stat.leaveGame":1,"stat.mineBlock.minecraft.cobblestone":67,"stat.useItem.tconstruct.mattock":253,"stat.pickup.minecraft.flint":4,"stat.craftItem.minecraft.wool":3,"stat.craftItem.excompressum.compressed_hammer_stone":2,"stat.craftItem.extrautils2.compressedcobblestone":188,"stat.mineBlock.extrautils2.compressedcobblestone":188,"stat.useItem.minecraft.planks":22,"achievement.buildWorkBench":3,"stat.pickup.minecraft.glowstone_dust":2,"stat.useItem.exnihiloadscensio.crookWood":63,"stat.pickup.minecraft.blaze_powder":1,"stat.useItem.minecraft.dirt":8,"achievement.exploreAllBiomes":{"value":0,"progress":["Forest"]},"stat.pickup.minecraft.sand":259,"stat.craftItem.minecraft.furnace":1,"stat.useItem.tconstruct.lumberaxe":379,"stat.pickup.tp.cobblegen_block":1,"stat.breakItem.exnihiloadscensio.hammerWood":2,"stat.craftItem.exnihiloadscensio.blockCrucible":2,"stat.craftItem.minecraft.stone_pickaxe":1,"stat.pickup.minecraft.cobblestone":28,"stat.mineBlock.minecraft.wooden_slab":1,"stat.useItem.exnihiloadscensio.blockCrucible":1,"stat.mineBlock.minecraft.clay":4,"stat.useItem.exnihiloadscensio.blockBarrel0":17,"stat.flyOneCm":83305,"stat.mineBlock.minecraft.sand":50,"achievement.buildPickaxe":2,"stat.craftItem.exnihiloadscensio.blockBarrel0":15,"stat.useItem.extrautils2.compressedgravel":23,"stat.craftItem.minecraft.wooden_slab":1344,"stat.craftItem.extrautils2.compresseddirt":1,"stat.pickup.actuallyadditions.itemFlaxSeed":5,"stat.pickup.minecraft.redstone":1,"achievement.buildBetterPickaxe":2,"stat.timeSinceDeath":249001,"stat.useItem.exnihiloadscensio.blockDust":1,"stat.hopperInspected":3,"stat.useItem.minecraft.wooden_slab":76,"stat.pickup.integrateddynamics.on_the_dynamics_of_integration":1,"stat.pickup.exnihiloadscensio.itemSeedAcacia":1,"stat.craftItem.minecraft.iron_block":4,"stat.useItem.excompressum.heavy_sieve":1,"stat.craftItem.minecraft.bed":1,"stat.craftItem.exnihiloadscensio.hammerWood":3,"stat.pickup.exnihiloadscensio.itemOreGold":99,"stat.craftItem.tconstruct.seared":4,"stat.craftItem.tp.iron_cobblegen_block":1,"stat.furnaceInteraction":50,"stat.pickup.integrateddynamics.menrilSapling":8,"stat.craftItem.exnihiloadscensio.itemOreIron":63,"stat.craftItem.tconstruct.soil":16,"stat.craftItem.exnihiloadscensio.itemMesh":5,"stat.pickup.minecraft.string":66,"stat.craftItem.excompressum.compressed_crook":12,"stat.pickup.exnihiloadscensio.itemOreSilver":8,"achievement.mineWood":528,"stat.craftItem.tconstruct.tooltables":6,"stat.craftItem.excompressum.heavy_sieve":1,"stat.breakItem.excompressum.compressed_hammer_stone":1,"stat.sprintOneCm":138857,"stat.craftItem.minecraft.stick":424,"stat.craftItem.minecraft.wooden_axe":3,"stat.useItem.minecraft.bed":2,"achievement.openInventory":432,"stat.craftItem.minecraft.stone":8,"stat.pickup.exnihiloadscensio.itemSeedOak":1,"stat.mineBlock.minecraft.crafting_table":2,"stat.pickup.minecraft.pumpkin_seeds":2,"stat.useItem.excompressum.compressed_hammer_stone":224,"stat.useItem.minecraft.hopper":2,"stat.breakItem.minecraft.shears":2,"stat.mineBlock.minecraft.planks":16,"stat.useItem.extrautils2.compressedsand":15,"stat.drop":4,"stat.playOneMinute":249001,"stat.craftItem.excompressum.wooden_crucible":6,"stat.useItem.minecraft.shears":240,"stat.mineBlock.extrautils2.compressedsand":15,"stat.useItem.tp.iron_cobblegen_block":1,"stat.pickup.exnihiloadscensio.itemMesh":6,"stat.chestOpened":147,"stat.pickup.tconstruct.tooltables":1,"stat.useItem.exnihiloadscensio.itemMaterial":12,"stat.pickup.exnihiloadscensio.itemSeedJungle":3,"achievement.buildHoe":3,"stat.useItem.minecraft.stone":3,"stat.craftItem.exnihiloadscensio.hammerStone":18,"stat.craftItem.tp.cobblegen_block":2,"stat.mineBlock.exnihiloadscensio.blockInfestedLeaves":56,"stat.pickup.minecraft.gravel":1766,"stat.useItem.extrautils2.compressedcobblestone":188,"stat.useItem.minecraft.apple":33,"stat.pickup.extrautils2.compressedcobblestone":3,"stat.useItem.tp.cobblegen_block":3,"stat.breakItem.minecraft.wooden_axe":2,"stat.pickup.exnihiloadscensio.itemSeedBirch":1,"stat.breakItem.excompressum.compressed_crook":9,"stat.pickup.exnihiloadscensio.itemPebble":486,"stat.useItem.minecraft.clay":4,"stat.craftItem.minecraft.coal":12,"stat.pickup.exnihiloadscensio.itemOreNickel":96,"stat.jump":1226,"stat.useItem.minecraft.sand":50,"stat.pickup.minecraft.coal":180,"stat.fallOneCm":19617,"stat.useItem.tconstruct.tooltables":5,"stat.pickup.minecraft.iron_ingot":3,"stat.drop.minecraft.stone":5,"stat.pickup.excompressum.compressed_crook":1,"stat.pickup.minecraft.melon_seeds":3,"stat.pickup.minecraft.gunpowder":11,"stat.crouchOneCm":46229,"stat.pickup.exnihiloadscensio.itemOreAluminium":7,"stat.craftItem.tconstruct.toolforge":1,"stat.craftItem.minecraft.chest":8,"stat.craftItem.minecraft.iron_ingot":63,"stat.craftItem.minecraft.torch":208,"stat.craftItem.exnihiloadscensio.itemOreLead":5,"stat.pickup.minecraft.dirt":182,"stat.craftItem.minecraft.hopper":2,"stat.craftingTableInteraction":6,"stat.pickup.exnihiloadscensio.itemSeedSugarcane":4,"stat.pickup.actuallyadditions.itemCanolaSeed":5,"stat.useItem.minecraft.sapling":129,"stat.useItem.betterbuilderswands.wandStone":20,"stat.mineBlock.exnihiloadscensio.blockBarrel0":2,"stat.mineBlock.tconstruct.tooltables":1,"stat.pickup.minecraft.leaves":236,"stat.craftItem.tconstruct.pattern":27,"stat.damageTaken":30,"stat.craftItem.exnihiloadscensio.crookWood":46,"stat.mineBlock.minecraft.torch":6,"stat.pickup.exnihiloadscensio.itemMaterial":341,"stat.useItem.minecraft.furnace":1,"stat.pickup.exnihiloadscensio.itemSeedDarkOak":4,"stat.craftItem.betterbuilderswands.wandDiamond":1,"stat.craftItem.tconstruct.materials":16,"stat.useItem.excompressum.compressed_crook":6088,"stat.pickup.minecraft.dye":106,"stat.pickup.minecraft.planks":8,"stat.pickup.minecraft.bed":1,"stat.pickup.exnihiloadscensio.itemOreIron":258,"stat.pickup.minecraft.wheat_seeds":7,"stat.mineBlock.minecraft.gravel":98,"stat.craftItem.extrautils2.compressedsand":22,"stat.useItem.minecraft.stone_pickaxe":15,"stat.craftItem.exnihiloadscensio.blockSieve":1,"stat.craftItem.minecraft.glass":2,"stat.pickup.exnihiloadscensio.itemSeedCarrot":12,"stat.sleepInBed":18,"stat.useItem.minecraft.crafting_table":2,"stat.useItem.exnihiloadscensio.hammerWood":160,"stat.craftItem.minecraft.gravel":27,"stat.pickup.exnihiloadscensio.itemSeedPotato":5,"stat.walkOneCm":637001,"stat.useItem.minecraft.torch":31,"stat.craftItem.excompressum.compressed_block":9,"stat.useItem.minecraft.chest":6,"stat.pickup.minecraft.crafting_table":2,"stat.pickup.minecraft.clay_ball":16,"stat.useItem.minecraft.cobblestone":79,"stat.craftItem.minecraft.crafting_table":3,"stat.craftItem.extrautils2.compressedgravel":187,"stat.useItem.minecraft.gravel":98,"stat.craftItem.ceramics.clay_bucket":3,"ftbl.stat.last_seen":{"value":0,"progress":1590059062615},"stat.pickup.minecraft.log":796,"stat.useItem.betterbuilderswands.wandDiamond":65,"stat.useItem.exnihiloadscensio.blockSieve":1,"stat.drop.excompressum.compressed_crook":1,"stat.pickup.exnihiloadscensio.itemOreLead":93,"stat.pickup.minecraft.stone":2,"stat.craftItem.betterbuilderswands.wandStone":1,"stat.pickup.minecraft.sapling":1279,"stat.pickup.exnihiloadscensio.itemOreCopper":12,"stat.pickup.minecraft.apple":121,"stat.craftItem.minecraft.planks":1174,"stat.pickup.actuallyadditions.itemCoffeeSeed":5,"stat.mineBlock.exnihiloadscensio.blockDust":1,"stat.pickup.exnihiloadscensio.blockDust":185,"stat.mineBlock.minecraft.log":798,"ftbl.stat.first_joined":{"value":0,"progress":1590002759982},"stat.craftItem.minecraft.shears":2,"stat.useItem.excompressum.wooden_crucible":6,"stat.pickup.minecraft.diamond":9,"stat.mineBlock.minecraft.leaves":6642,"stat.pickup.minecraft.beetroot_seeds":6,"stat.pickup.minecraft.torch":6,"stat.sneakTime":16926,"stat.craftItem.exnihiloadscensio.itemMaterial":7,"stat.mineBlock.extrautils2.compressedgravel":23,"stat.mineBlock.tp.cobblegen_block":2,"stat.useItem.minecraft.wooden_axe":154,"stat.pickup.actuallyadditions.itemRiceSeed":3,"stat.useItem.tconstruct.toolforge":1,"stat.craftItem.minecraft.cobblestone":103,"stat.mineBlock.minecraft.stone":2}