{"stat.craftItem.minecraft.diamond_chestplate":2,"stat.pickup.tconstruct.shuriken":1,"stat.pickup.minecraft.wooden_slab":7,"stat.killEntity.headcrumbs.Human":2,"stat.craftItem.minecraft.diamond_leggings":2,"stat.useItem.minecraft.iron_axe":78,"stat.pickup.betterbuilderswands.wandDiamond":2,"stat.leaveGame":2,"stat.mineBlock.colossalchests.chestWall":58,"stat.pickup.colossalchests.chestWall":82,"stat.pickup.actuallyadditions.itemCrafterOnAStick":1,"stat.craftItem.minecraft.diamond_helmet":2,"stat.craftItem.colossalchests.colossalChest":1,"stat.swimOneCm":4634,"stat.climbOneCm":1286,"stat.useItem.minecraft.planks":9,"stat.mineBlock.gravestone.gravestone":7,"stat.craftItem.exnihiloadscensio.itemOreGold":15,"stat.useItem.extrautils2.goldenlasso":7,"stat.pickup.lootbags.itemlootbag":1,"stat.pickup.tconstruct.slimesling":2,"stat.useItem.colossalchests.chestWall":40,"stat.pickup.minecraft.bow":1,"achievement.exploreAllBiomes":{"value":0,"progress":["ForestHills","Forest","Hell"]},"stat.pickup.minecraft.iron_boots":2,"stat.pickup.minecraft.rotten_flesh":3,"stat.useItem.exnihiloadscensio.blockInfestedLeaves":2,"stat.mineBlock.colossalchests.colossalChest":3,"stat.useItem.tconstruct.lumberaxe":684,"stat.craftItem.moreshears.diamondShears":1,"stat.pickup.minecraft.cobblestone":12,"stat.mineBlock.minecraft.wooden_slab":3,"stat.pickup.minecraft.leather_boots":1,"stat.flyOneCm":334757,"stat.drop.tconstruct.lumberaxe":1,"stat.craftItem.extrautils2.compresseddirt":5,"stat.timeSinceDeath":49867,"stat.pickup.integrateddynamics.on_the_dynamics_of_integration":1,"stat.useItem.minecraft.wooden_slab":12,"stat.pickup.exnihiloadscensio.itemSeedAcacia":4,"stat.furnaceInteraction":2,"stat.drop.minecraft.dirt":6,"stat.pickup.tconstruct.cleaver":1,"stat.drop.minecraft.baked_potato":22,"stat.pickup.minecraft.string":736,"stat.drop.exnihiloadscensio.blockInfestedLeaves":154,"stat.craftItem.excompressum.compressed_crook":3,"stat.useItem.moreshears.diamondShears":132,"stat.useItem.tconstruct.edible":1,"stat.pickup.minecraft.beef":1,"achievement.mineWood":398,"stat.pickup.minecraft.paper":2,"stat.sprintOneCm":464775,"stat.pickup.minecraft.skull":1,"achievement.openInventory":183,"stat.pickup.mysticalagriculture.diamond_essence":2,"stat.pickup.exnihiloadscensio.itemSeedOak":1,"stat.drop.minecraft.leaves":64,"stat.drop.betterbuilderswands.wandDiamond":1,"stat.breakItem.minecraft.shears":2,"stat.deaths":7,"stat.mineBlock.minecraft.planks":8,"stat.drop":35,"stat.playOneMinute":281834,"stat.useItem.minecraft.shears":322,"stat.killEntity.Zombie":1,"stat.diveOneCm":36144,"stat.chestOpened":21,"stat.useItem.excompressum.bait":1,"stat.mineBlock.exnihiloadscensio.blockInfestedLeaves":1562,"stat.pickup.minecraft.arrow":1,"stat.pickup.exnihiloadscensio.itemSeedSpruce":3,"stat.pickup.extrautils2.goldenlasso":1,"stat.pickup.exnihiloadscensio.itemSeedBirch":2,"stat.breakItem.excompressum.compressed_crook":4,"stat.pickup.exnihiloadscensio.itemPebble":220,"stat.pickup.exnihiloadscensio.itemOreNickel":53,"stat.pickup.tconstruct.lumberaxe":1,"stat.jump":1674,"stat.pickup.minecraft.coal":83,"stat.fallOneCm":42206,"stat.pickup.minecraft.iron_ingot":78,"stat.pickup.excompressum.compressed_crook":1,"stat.useItem.minecraft.stone_axe":41,"stat.pickup.minecraft.melon_seeds":1,"stat.pickup.minecraft.gunpowder":3,"stat.crouchOneCm":34347,"stat.craftItem.minecraft.diamond":50,"stat.craftItem.minecraft.iron_ingot":6,"stat.pickup.minecraft.dirt":51,"stat.entityKilledBy.headcrumbs.Human":1,"stat.useItem.ironchest.BlockIronChest":1,"stat.pickup.exnihiloadscensio.itemSeedSugarcane":1,"stat.useItem.minecraft.sapling":101,"stat.pickup.minecraft.leaves":500,"stat.pickup.minecraft.iron_axe":1,"stat.damageTaken":2439,"stat.craftItem.exnihiloadscensio.crookWood":12,"stat.mineBlock.minecraft.torch":1,"stat.craftItem.colossalchests.chestWall":812,"stat.pickup.exnihiloadscensio.itemMaterial":58,"stat.pickup.exnihiloadscensio.itemSeedDarkOak":6,"stat.pickup.ironchest.BlockIronChest":1,"stat.mineBlock.minecraft.sapling":4,"stat.useItem.excompressum.compressed_crook":1943,"stat.drop.tconstruct.slimesling":1,"stat.pickup.minecraft.dye":46,"stat.pickup.minecraft.planks":7,"stat.pickup.minecraft.iron_leggings":1,"stat.pickup.chesttransporter.chesttransporter_gold":1,"stat.pickup.exnihiloadscensio.itemOreIron":42,"stat.pickup.minecraft.wheat_seeds":7,"stat.breakItem.minecraft.stone_axe":1,"stat.damageDealt":1507,"stat.pickup.exnihiloadscensio.itemSeedCarrot":4,"stat.sleepInBed":1,"stat.craftItem.minecraft.baked_potato":64,"stat.pickup.minecraft.flint_and_steel":1,"stat.pickup.exnihiloadscensio.itemSeedPotato":2,"stat.pickup.tconstruct.pattern":1,"stat.walkOneCm":447439,"stat.useItem.minecraft.torch":2,"stat.useItem.minecraft.log":1,"stat.useItem.minecraft.cobblestone":26,"stat.pickup.excompressum.bait":5,"ftbl.stat.last_seen":{"value":0,"progress":1590867620028},"stat.pickup.mysticalagriculture.inferium_essence":35,"stat.pickup.minecraft.log":1114,"stat.drop.colossalchests.colossalChest":1,"stat.craftItem.minecraft.diamond_boots":2,"stat.useItem.betterbuilderswands.wandDiamond":22,"stat.pickup.exnihiloadscensio.blockInfestedLeaves":229,"stat.craftItem.minecraft.gold_ingot":18,"stat.pickup.exnihiloadscensio.itemOreLead":61,"stat.drop.minecraft.sapling":40,"stat.pickup.minecraft.baked_potato":6,"stat.craftItem.ironchest.ironGoldUpgrade":2,"stat.pickup.minecraft.sapling":220,"stat.useItem.minecraft.leaves":2,"stat.pickup.minecraft.apple":20,"stat.killEntity.Skeleton":1,"stat.pickup.actuallyadditions.itemMisc":2,"stat.craftItem.minecraft.planks":3236,"stat.mobKills":6,"ftbl.stat.first_joined":{"value":0,"progress":1590853514804},"stat.mineBlock.minecraft.log":678,"stat.craftItem.minecraft.shears":3,"stat.drop.colossalchests.chestWall":176,"stat.pickup.minecraft.diamond":29,"stat.mineBlock.minecraft.leaves":1343,"stat.pickup.minecraft.torch":1,"stat.sneakTime":13584,"stat.useItem.minecraft.baked_potato":38,"stat.pickup.minecraft.stone_slab":64,"stat.useItem.colossalchests.colossalChest":3,"stat.pickup.colossalchests.colossalChest":3}