{"stat.craftItem.minecraft.chorus_fruit_popped":16,"stat.useItem.minecraft.bow":1,"stat.pickup.actuallyadditions.itemDust":8,"stat.pickup.draconicevolution.draconium_dust":22,"stat.leaveGame":6,"stat.craftItem.mysticalagriculture.infusion_crystal":3,"stat.pickup.tconstruct.edible":1,"stat.pickup.actuallyadditions.itemCrafterOnAStick":1,"stat.craftItem.excompressum.compressed_hammer_stone":2,"stat.pickup.tp.QuartzDust":2,"stat.mineBlock.extrautils2.compressedcobblestone":125,"stat.pickup.immersiveengineering.metalDevice1":1,"achievement.actuallyadditions.openBookletMilestone":{"value":0,"progress":["1"]},"stat.useItem.immersiveengineering.metalDevice1":5,"stat.pickup.minecraft.glass":21,"stat.mineBlock.gravestone.gravestone":3,"stat.craftItem.exnihiloadscensio.itemOreGold":3,"stat.pickup.tconstruct.slimesling":1,"stat.pickup.immersiveengineering.treatedWood":3,"stat.useItem.minecraft.water_bucket":20,"stat.pickup.minecraft.rotten_flesh":1,"stat.pickup.minecraft.sand":427,"stat.pickup.minecraft.bucket":1,"stat.killEntity.Enderman":1,"stat.craftItem.exnihiloadscensio.blockBarrel0":4,"stat.useItem.harvestcraft.donutItem":1,"stat.mineBlock.minecraft.end_stone":192,"stat.pickup.actuallyadditions.itemBooklet":1,"stat.hopperInspected":4,"stat.pickup.darkutils.shulker_pearl":31,"stat.pickup.excompressum.heavy_sieve":6,"stat.craftItem.mysticalagriculture.base_crafting_seed":4,"stat.useItem.excompressum.heavy_sieve":15,"stat.craftItem.minecraft.glass_pane":16,"stat.useItem.moreshears.stoneShears":128,"stat.furnaceInteraction":68,"stat.pickup.moreshears.stoneShears":5,"stat.pickup.tconstruct.cleaver":3,"stat.craftItem.exnihiloadscensio.itemOreIron":3,"stat.craftItem.exnihiloadscensio.itemMesh":10,"stat.useItem.minecraft.end_stone":192,"stat.pickup.actuallyadditions.itemHelmEmerald":1,"stat.craftItem.excompressum.compressed_crook":1,"stat.useItem.extrautils2.pipe":13,"stat.craftItem.mysticalagriculture.tier3_crafting_seed":6,"stat.pickup.chisel.stonebrick":17,"stat.pickup.extrautils2.compressedsand":1,"achievement.mineWood":50,"stat.craftItem.mysticalagriculture.prudentium_essence":1034,"stat.pickup.mysticalagriculture.tier1_inferium_seeds":60,"stat.pickup.minecraft.skull":1,"stat.craftItem.excompressum.compressed_hammer_iron":1,"stat.pickup.enderio.itemPowderIngot":51,"achievement.openInventory":728,"achievement.environmentaltech.open_guide":2,"stat.craftItem.mysticalagriculture.tier4_crafting_seed":5,"stat.useItem.minecraft.flint_and_steel":1,"stat.pickup.exnihiloadscensio.itemSeedOak":1,"stat.mineBlock.snad.snad":1,"stat.craftItem.moarsigns.moar_sign":3,"stat.craftItem.immersiveengineering.material":3,"stat.useItem.minecraft.beef":3,"stat.deaths":5,"stat.playOneMinute":379797,"stat.craftItem.mysticalagriculture.tier5_crafting_seed":2,"stat.craftItem.immersiveengineering.metal":4,"stat.pickup.minecraft.iron_bars":12,"stat.pickup.draconicevolution.draconium_ingot":38,"stat.chestOpened":114,"achievement.actuallyadditions.openBooklet":1,"stat.craftItem.immersiveengineering.metalDecoration2":3,"stat.pickup.immersiveengineering.material":2,"stat.useItem.minecraft.stone":17,"stat.pickup.extrautils2.compressedcobblestone":1,"stat.craftItem.minecraft.flint":3,"stat.craftItem.actuallyadditions.itemCrafterOnAStick":1,"stat.useItem.snad.snad":1,"stat.useItem.minecraft.clay":19,"stat.craftItem.minecraft.coal":84,"stat.pickup.exnihiloadscensio.itemOreNickel":58,"stat.pickup.tconstruct.lumberaxe":1,"stat.useItem.minecraft.experience_bottle":180,"stat.pickup.mysticalagriculture.supremium_essence":42,"stat.fallOneCm":29759,"stat.pickup.minecraft.carrot":7,"stat.crouchOneCm":15936,"stat.craftItem.minecraft.diamond":1,"stat.craftItem.minecraft.iron_ingot":57,"stat.craftItem.minecraft.chest":1,"stat.pickup.mysticalagriculture.prosperity_shard":60,"stat.pickup.mysticalagriculture.tier4_crafting_seed":1,"stat.mineBlock.exnihiloadscensio.blockBarrel0":1,"stat.craftItem.tconstruct.pattern":1,"stat.pickup.exnihiloadscensio.itemMaterial":43,"stat.useItem.minecraft.reeds":3,"stat.useItem.excompressum.compressed_crook":246,"stat.pickup.mysticalagriculture.intermedium_essence":9,"stat.craftItem.draconicevolution.draconic_core":6,"stat.pickup.minecraft.dye":129,"stat.craftItem.exnihiloadscensio.hammerIron":9,"stat.pickup.minecraft.wheat_seeds":3,"stat.mineBlock.minecraft.gravel":3,"stat.useItem.minecraft.stone_pickaxe":20,"stat.craftItem.minecraft.iron_leggings":1,"stat.craftItem.extrautils2.pipe":16,"stat.mineBlock.minecraft.dirt":4,"stat.pickup.exnihiloadscensio.itemSeedPotato":1,"stat.craftItem.mysticalagriculture.superium_essence":62,"stat.pickup.tconstruct.pattern":8,"stat.useItem.minecraft.torch":36,"stat.craftItem.mysticalagriculture.end_cluster":4,"stat.useItem.extrautils2.grocket":2,"stat.pickup.minecraft.crafting_table":1,"stat.useItem.minecraft.cobblestone":71,"stat.craftItem.extrautils2.compressedgravel":123,"stat.craftItem.minecraft.crafting_table":1,"stat.useItem.minecraft.gravel":3,"stat.mineBlock.chisel.stonebrick":17,"stat.pickup.minecraft.log":110,"stat.craftItem.minecraft.gold_ingot":2,"stat.pickup.exnihiloadscensio.itemOreLead":53,"stat.craftItem.chisel.chisel_iron":1,"stat.craftItem.mysticalagriculture.end_seeds":1,"stat.pickup.minecraft.sapling":59,"stat.craftItem.draconicevolution.draconium_ingot":10,"stat.pickup.exnihiloadscensio.itemOreCopper":86,"stat.pickup.mysticalagriculture.superium_essence":10,"stat.pickup.minecraft.apple":13,"stat.pickup.minecraft.end_stone":136,"stat.pickup.actuallyadditions.itemMisc":7,"stat.craftItem.minecraft.bucket":1,"stat.craftItem.minecraft.planks":124,"stat.craftItem.minecraft.end_stone":192,"stat.itemEnchanted":4,"stat.mineBlock.exnihiloadscensio.blockDust":1,"ftbl.stat.first_joined":{"value":0,"progress":1590086847003},"stat.mineBlock.minecraft.log":54,"stat.craftItem.mysticalagriculture.gold_seeds":1,"stat.pickup.tconstruct.slime_boots":2,"stat.sneakTime":8724,"stat.mineBlock.extrautils2.compressedgravel":47,"stat.useItem.minecraft.baked_potato":25,"stat.pickup.extrautils2.pipe":2,"stat.useItem.excompressum.compressed_hammer_iron":128,"draconicevolution.dust":22,"stat.pickup.exnihiloadscensio.blockBarrel0":1,"stat.useItem.tconstruct.shuriken":1,"stat.mineBlock.minecraft.cobblestone":4,"stat.pickup.minecraft.stone_pickaxe":1,"stat.pickup.minecraft.flint":2,"stat.craftItem.extrautils2.compressedcobblestone":120,"stat.swimOneCm":4394,"stat.craftItem.mysticalagriculture.intermedium_essence":251,"achievement.buildWorkBench":1,"stat.craftItem.actuallyadditions.itemBootsEmerald":1,"stat.useItem.minecraft.obsidian":12,"stat.useItem.minecraft.dirt":4,"stat.pickup.minecraft.bow":1,"achievement.exploreAllBiomes":{"value":0,"progress":["ForestHills","Forest","Hell"]},"stat.pickup.minecraft.iron_boots":1,"stat.craftItem.minecraft.lapis_block":7,"stat.useItem.tconstruct.lumberaxe":38,"stat.craftItem.minecraft.iron_boots":1,"stat.pickup.mysticalagriculture.infusion_crystal":14,"stat.pickup.minecraft.cobblestone":142,"stat.mineBlock.minecraft.clay":19,"stat.pickup.mysticalagriculture.prudentium_essence":243,"stat.flyOneCm":404355,"stat.useItem.exnihiloadscensio.blockBarrel0":5,"stat.craftItem.actuallyadditions.itemMisc":1,"stat.pickup.mysticalagriculture.base_crafting_seed":4,"stat.useItem.extrautils2.compressedgravel":47,"stat.craftItem.minecraft.wooden_slab":12,"stat.craftItem.extrautils2.grocket":4,"stat.craftItem.extrautils2.compresseddirt":1,"stat.pickup.extrautils2.compressedgravel":1,"stat.timeSinceDeath":50166,"stat.pickup.integrateddynamics.on_the_dynamics_of_integration":2,"stat.craftItem.minecraft.purpur_block":16,"stat.pickup.mysticalagriculture.tier2_crafting_seed":1,"stat.killEntity.Bat":1,"stat.pickup.exnihiloadscensio.itemSeedCactus":6,"stat.pickup.exnihiloadscensio.itemOreGold":109,"stat.useItem.minecraft.potato":23,"stat.killEntity.Creeper":1,"stat.pickup.minecraft.string":321,"stat.pickup.exnihiloadscensio.itemOreSilver":50,"stat.pickup.excompressum.compressed_hammer_stone":1,"stat.pickup.minecraft.nether_star":1,"stat.craftItem.excompressum.heavy_sieve":9,"stat.breakItem.excompressum.compressed_hammer_stone":1,"stat.sprintOneCm":490889,"stat.pickup.immersiveengineering.tool":2,"stat.craftItem.minecraft.stick":124,"draconicevolution.core":6,"stat.craftItem.minecraft.stone":82,"stat.useItem.minecraft.carrot":7,"stat.useItem.excompressum.compressed_hammer_stone":255,"stat.entityKilledBy.Creeper":1,"stat.pickup.mysticalagriculture.diamond_seeds":1,"stat.useItem.extrautils2.compressedsand":9,"stat.drop":1,"stat.craftItem.minecraft.emerald":28,"stat.mineBlock.extrautils2.compressedsand":13,"stat.useItem.draconicevolution.fusion_crafting_core":1,"stat.breakItem.moreshears.stoneShears":1,"stat.killEntity.Zombie":3,"stat.pickup.actuallyadditions.itemPantsEmerald":1,"stat.craftItem.minecraft.dye":60,"stat.diveOneCm":18832,"stat.craftItem.minecraft.sandstone":15,"stat.craftItem.mysticalagriculture.tier2_crafting_seed":6,"stat.useItem.exnihiloadscensio.itemMaterial":28,"stat.craftItem.exnihiloadscensio.hammerStone":18,"stat.pickup.minecraft.gravel":1121,"stat.mineBlock.exnihiloadscensio.blockInfestedLeaves":184,"stat.useItem.extrautils2.compressedcobblestone":121,"stat.craftItem.immersiveengineering.metalDevice1":4,"stat.useItem.minecraft.apple":15,"stat.pickup.minecraft.obsidian":12,"draconicevolution.ingot":1,"stat.pickup.exnihiloadscensio.itemPebble":20,"stat.useItem.minecraft.rotten_flesh":2,"stat.jump":2061,"stat.pickup.minecraft.coal":118,"stat.pickup.minecraft.iron_ingot":59,"stat.pickup.minecraft.gunpowder":11,"stat.craftItem.mysticalagriculture.lapis_lazuli_seeds":1,"stat.pickup.exnihiloadscensio.itemOreAluminium":64,"stat.craftItem.minecraft.torch":32,"stat.pickup.minecraft.dirt":14,"stat.craftItem.minecraft.iron_helmet":1,"stat.useItem.ironchest.BlockIronChest":4,"stat.pickup.immersiveengineering.stoneDecoration":1,"stat.useItem.immersiveengineering.stoneDecoration":27,"stat.useItem.minecraft.sapling":12,"stat.craftItem.minecraft.flint_and_steel":1,"stat.pickup.minecraft.leaves":141,"stat.pickup.minecraft.cookie":3,"stat.pickup.exnihiloadscensio.hammerStone":9,"stat.damageTaken":1806,"stat.craftItem.exnihiloadscensio.crookWood":5,"stat.mineBlock.minecraft.torch":4,"stat.craftItem.minecraft.glowstone":1,"stat.craftItem.mysticalagriculture.draconium_seeds":1,"stat.pickup.minecraft.reeds":5,"stat.pickup.chesttransporter.chesttransporter_gold":1,"stat.pickup.exnihiloadscensio.itemOreIron":174,"stat.craftItem.mysticalagriculture.tier1_crafting_seed":6,"stat.pickup.minecraft.potato":5,"stat.craftItem.extrautils2.compressedsand":42,"stat.damageDealt":2834,"stat.craftItem.minecraft.glass":2,"stat.useItem.randomthings.rainShield":1,"stat.pickup.actuallyadditions.itemChestEmerald":1,"stat.pickup.snad.snad":1,"stat.craftItem.minecraft.baked_potato":15,"stat.mineBlock.excompressum.heavy_sieve":6,"stat.craftItem.minecraft.stone_slab":30,"stat.walkOneCm":686342,"stat.craftItem.immersiveengineering.stoneDecoration":27,"stat.craftItem.excompressum.compressed_block":21,"stat.animalsBred":2,"stat.useItem.minecraft.chest":1,"stat.craftItem.actuallyadditions.itemChestEmerald":1,"stat.pickup.minecraft.stick":49,"stat.pickup.minecraft.clay_ball":76,"stat.drop.immersiveengineering.stoneDecoration":1,"stat.craftItem.mysticalagriculture.diamond_seeds":1,"ftbl.stat.last_seen":{"value":0,"progress":1591289675651},"stat.pickup.mysticalagriculture.inferium_essence":459,"stat.useItem.betterbuilderswands.wandDiamond":2,"stat.craftItem.minecraft.iron_chestplate":1,"stat.pickup.minecraft.baked_potato":44,"stat.craftItem.actuallyadditions.itemPantsEmerald":1,"stat.pickup.bigreactors.dustmetals":48,"stat.pickup.minecraft.chorus_fruit":42,"stat.killEntity.Skeleton":1,"stat.pickup.immersiveengineering.metalDecoration2":4,"stat.craftItem.enderio.blockTank":1,"stat.craftItem.mysticalagriculture.supremium_essence":9,"stat.killEntity.Spider":1,"stat.mineBlock.immersiveengineering.metalDevice1":1,"stat.pickup.exnihiloadscensio.blockDust":81,"stat.useItem.enderio.blockTank":1,"stat.mobKills":8,"stat.pickup.exnihiloadscensio.blockEndstoneCrushed":192,"stat.pickup.minecraft.quartz":20,"stat.pickup.stevescarts.CartModule":1,"stat.pickup.minecraft.water_bucket":1,"stat.pickup.minecraft.diamond":5,"stat.mineBlock.minecraft.leaves":319,"stat.pickup.minecraft.torch":6,"stat.craftItem.draconicevolution.fusion_crafting_core":1,"stat.craftItem.actuallyadditions.itemHelmEmerald":1,"stat.craftItem.minecraft.brick":36,"stat.craftItem.minecraft.experience_bottle":180,"stat.craftItem.immersiveengineering.treatedWood":8}